timestamp,event_type,event_id,lane,vehicle_id,vehicle_type,license_plate,description,location
2026-01-22T20:13:22.247604,ILLEGAL_TURN,1,LANE1,40,SMALL,N/A,Vehicle 40 made illegal turn in LANE1,"(555, 266)"
2026-01-22T20:13:22.458170,ILLEGAL_TURN,2,LANE1,44,SMALL,N/A,Vehicle 44 made illegal turn in LANE1,"(435, 218)"
2026-01-22T20:13:22.512286,RED_LIGHT_VIOLATION,3,LANE1,40,SMALL,N/A,Vehicle 40 ran red light in LANE1,"(519, 306)"
2026-01-22T20:13:24.246637,RED_LIGHT_VIOLATION,4,LANE3,43,SMALL,N/A,Vehicle 43 ran red light in LANE3,"(788, 356)"
2026-01-22T20:13:24.604615,ILLEGAL_TURN,5,LANE2,53,SMALL,N/A,Vehicle 53 made illegal turn in LANE2,"(873, 659)"
2026-01-22T20:13:24.604615,ILLEGAL_TURN,6,LANE2,55,SMALL,N/A,Vehicle 55 made illegal turn in LANE2,"(779, 589)"
2026-01-22T20:13:50.682127,ILLEGAL_TURN,7,LANE2,139,LARGE,N/A,Vehicle 139 made illegal turn in LANE2,"(670, 661)"
2026-01-22T20:14:14.238270,ACCIDENT,1,LANE4,168,SMALL,N/A,Stopped vehicle(s) detected (IDs: 168) for 0.5s in LANE4,"(330, 347)"
2026-01-22T20:14:22.125955,ILLEGAL_TURN,8,LANE1,199,SMALL,N/A,Vehicle 199 made illegal turn in LANE1,"(470, 225)"
2026-01-22T20:14:24.604294,ILLEGAL_TURN,9,LANE1,196,LARGE,N/A,Vehicle 196 made illegal turn in LANE1,"(575, 188)"
2026-01-22T20:14:24.900144,RED_LIGHT_VIOLATION,10,LANE1,202,MEDIUM,N/A,Vehicle 202 ran red light in LANE1,"(541, 297)"
2026-01-22T20:14:25.052601,ILLEGAL_TURN,11,LANE1,202,MEDIUM,N/A,Vehicle 202 made illegal turn in LANE1,"(535, 298)"
2026-01-22T20:14:26.614661,ACCIDENT,2,INTERSECTION,198,MEDIUM,N/A,Stopped vehicle(s) detected (IDs: 198) for 1.0s in INTERSECTION,"(672, 325)"
2026-01-22T20:16:50.482285,ACCIDENT,1,INTERSECTION,4,SMALL,N/A,"Collision detected between vehicles (IDs: 4, 6) in INTERSECTION","(531, 306)"
2026-01-22T20:16:54.979730,RED_LIGHT_VIOLATION,1,LANE1,6,SMALL,N/A,Vehicle 6 ran red light in LANE1,"(506, 317)"
2026-01-22T20:16:55.749984,ILLEGAL_TURN,2,LANE1,6,SMALL,N/A,Vehicle 6 made illegal turn in LANE1,"(464, 289)"
2026-01-22T20:16:52.881797,ACCIDENT,2,UNKNOWN,90,SMALL,N/A,"Collision detected between vehicles (IDs: 90, 93) in None","(1111, 39)"
2026-01-22T20:16:57.594333,ILLEGAL_TURN,3,LANE1,111,LARGE,N/A,Vehicle 111 made illegal turn in LANE1,"(543, 202)"
2026-01-22T20:16:55.690454,ACCIDENT,3,LANE4,3,SMALL,N/A,Stopped vehicle(s) detected (IDs: 3) for 4.0s in LANE4,"(447, 393)"
2026-01-22T20:16:55.690454,ACCIDENT,4,INTERSECTION,5,SMALL,N/A,Stopped vehicle(s) detected (IDs: 5) for 4.0s in INTERSECTION,"(645, 337)"
2026-01-22T20:16:56.795973,ACCIDENT,5,INTERSECTION,23,SMALL,N/A,Stopped vehicle(s) detected (IDs: 23) for 3.2s in INTERSECTION,"(640, 399)"
2026-01-22T20:16:56.795973,ACCIDENT,6,LANE4,33,SMALL,N/A,Stopped vehicle(s) detected (IDs: 33) for 3.2s in LANE4,"(10, 257)"
2026-01-22T20:16:58.564072,ACCIDENT,7,LANE4,43,SMALL,N/A,Stopped vehicle(s) detected (IDs: 43) for 3.6s in LANE4,"(20, 471)"
2026-01-22T20:17:02.189704,ILLEGAL_TURN,4,LANE1,115,LARGE,N/A,Vehicle 115 made illegal turn in LANE1,"(389, 278)"
2026-01-22T20:16:59.608189,ACCIDENT,8,LANE2,26,SMALL,N/A,Stopped vehicle(s) detected (IDs: 26) for 3.6s in LANE2,"(823, 704)"
2026-01-22T20:16:59.608189,ACCIDENT,9,LANE2,107,SMALL,N/A,Stopped vehicle(s) detected (IDs: 107) for 3.6s in LANE2,"(733, 696)"
2026-01-22T20:17:00.731468,ACCIDENT,10,LANE2,30,SMALL,N/A,Stopped vehicle(s) detected (IDs: 30) for 3.4s in LANE2,"(877, 648)"
2026-01-22T20:17:00.732459,ACCIDENT,11,LANE2,110,LARGE,N/A,Stopped vehicle(s) detected (IDs: 110) for 3.4s in LANE2,"(752, 630)"
2026-01-22T20:17:02.828491,ACCIDENT,12,LANE1,119,SMALL,N/A,Stopped vehicle(s) detected (IDs: 119) for 2.1s in LANE1,"(500, 231)"
2026-01-22T20:17:03.169442,ACCIDENT,13,INTERSECTION,7,SMALL,N/A,Stopped vehicle(s) detected (IDs: 7) for 1.9s in INTERSECTION,"(613, 416)"
2026-01-22T20:17:03.169442,ACCIDENT,14,LANE1,111,LARGE,N/A,Stopped vehicle(s) detected (IDs: 111) for 1.9s in LANE1,"(547, 201)"
2026-01-22T20:17:09.279809,ILLEGAL_TURN,5,LANE1,129,SMALL,N/A,Vehicle 129 made illegal turn in LANE1,"(431, 219)"
2026-01-22T20:17:09.375021,ILLEGAL_TURN,6,LANE1,134,SMALL,N/A,Vehicle 134 made illegal turn in LANE1,"(461, 196)"
2026-01-22T20:17:18.394968,ILLEGAL_TURN,1,LANE2,2,SMALL,N/A,Vehicle 2 made illegal turn in LANE2,"(813, 637)"
2026-01-22T20:17:18.778375,ILLEGAL_TURN,2,LANE2,3,SMALL,N/A,Vehicle 3 made illegal turn in LANE2,"(768, 680)"
2026-01-22T20:17:19.020838,ILLEGAL_TURN,3,LANE2,12,SMALL,N/A,Vehicle 12 made illegal turn in LANE2,"(923, 712)"
2026-01-22T20:17:19.528211,ILLEGAL_TURN,4,LANE1,17,SMALL,N/A,Vehicle 17 made illegal turn in LANE1,"(527, 203)"
2026-01-22T20:17:19.664611,ILLEGAL_TURN,5,LANE2,9,SMALL,N/A,Vehicle 9 made illegal turn in LANE2,"(702, 567)"
2026-01-22T20:17:19.664611,ILLEGAL_TURN,6,LANE2,29,SMALL,N/A,Vehicle 29 made illegal turn in LANE2,"(867, 665)"
2026-01-22T20:17:20.066503,ILLEGAL_TURN,7,LANE1,26,MEDIUM,N/A,Vehicle 26 made illegal turn in LANE1,"(493, 295)"
2026-01-22T20:17:20.728833,RED_LIGHT_VIOLATION,8,LANE1,16,SMALL,N/A,Vehicle 16 ran red light in LANE1,"(499, 296)"
2026-01-22T20:17:21.006367,RED_LIGHT_VIOLATION,9,LANE1,7,SMALL,N/A,Vehicle 7 ran red light in LANE1,"(414, 281)"
2026-01-22T20:17:21.582769,ILLEGAL_TURN,10,LANE1,37,SMALL,N/A,Vehicle 37 made illegal turn in LANE1,"(566, 263)"
2026-01-22T20:17:30.293357,ILLEGAL_TURN,11,LANE1,63,SMALL,N/A,Vehicle 63 made illegal turn in LANE1,"(524, 232)"
2026-01-22T20:17:29.852034,ACCIDENT,1,UNKNOWN,51,SMALL,N/A,"Collision detected between vehicles (IDs: 51, 52) in None","(1112, 567)"
2026-01-22T20:17:30.996472,RED_LIGHT_VIOLATION,12,LANE1,71,SMALL,N/A,Vehicle 71 ran red light in LANE1,"(560, 297)"
2026-01-22T20:17:34.532000,ILLEGAL_TURN,13,LANE1,71,SMALL,N/A,Vehicle 71 made illegal turn in LANE1,"(572, 310)"
2026-01-22T20:17:35.597364,ACCIDENT,2,INTERSECTION,77,SMALL,N/A,Stopped vehicle(s) detected (IDs: 77) for 0.9s in INTERSECTION,"(575, 392)"
2026-01-22T20:17:35.879138,ACCIDENT,3,INTERSECTION,62,SMALL,N/A,Stopped vehicle(s) detected (IDs: 62) for 0.9s in INTERSECTION,"(636, 369)"
2026-01-22T20:17:35.879138,ACCIDENT,4,LANE4,72,SMALL,N/A,Stopped vehicle(s) detected (IDs: 72) for 0.9s in LANE4,"(450, 336)"
2026-01-22T20:17:35.879138,ACCIDENT,5,LANE4,78,SMALL,N/A,Stopped vehicle(s) detected (IDs: 78) for 0.9s in LANE4,"(471, 392)"
2026-01-22T20:17:35.879138,ACCIDENT,6,LANE4,81,SMALL,N/A,Stopped vehicle(s) detected (IDs: 81) for 0.9s in LANE4,"(396, 369)"
2026-01-22T20:17:36.153863,ACCIDENT,7,INTERSECTION,70,SMALL,N/A,Stopped vehicle(s) detected (IDs: 70) for 1.0s in INTERSECTION,"(657, 335)"
2026-01-22T20:17:36.265136,ACCIDENT,8,INTERSECTION,71,SMALL,N/A,Stopped vehicle(s) detected (IDs: 71) for 1.1s in INTERSECTION,"(574, 309)"
2026-01-22T20:17:36.661392,ACCIDENT,9,LANE2,86,SMALL,N/A,"Collision detected between vehicles (IDs: 86, 88) in LANE2","(721, 624)"
2026-01-22T20:17:36.762829,ACCIDENT,10,LANE1,63,SMALL,N/A,Stopped vehicle(s) detected (IDs: 63) for 1.1s in LANE1,"(525, 245)"
2026-01-22T20:17:36.762829,ACCIDENT,11,INTERSECTION,79,SMALL,N/A,Stopped vehicle(s) detected (IDs: 79) for 1.1s in INTERSECTION,"(572, 362)"
2026-01-22T20:17:42.391064,ILLEGAL_TURN,14,LANE1,101,SMALL,N/A,Vehicle 101 made illegal turn in LANE1,"(501, 227)"
2026-01-22T20:17:42.804675,ILLEGAL_TURN,15,LANE2,97,SMALL,N/A,Vehicle 97 made illegal turn in LANE2,"(671, 573)"
2026-01-22T20:17:41.756001,ACCIDENT,12,LANE4,132,SMALL,N/A,"Collision detected between vehicles (IDs: 132, 134) in LANE4","(103, 382)"
2026-01-22T20:17:41.756997,ACCIDENT,13,LANE3,136,SMALL,N/A,"Collision detected between vehicles (IDs: 136, 138) in LANE3","(1142, 328)"
2026-01-22T20:17:44.248713,ILLEGAL_TURN,16,LANE2,148,SMALL,N/A,Vehicle 148 made illegal turn in LANE2,"(656, 631)"
2026-01-22T20:18:45.481311,RED_LIGHT_VIOLATION,1,LANE4,17,SMALL,N/A,Vehicle 17 ran red light in LANE4,"(495, 327)"
2026-01-22T20:18:45.481311,ILLEGAL_TURN,2,LANE1,26,SMALL,N/A,Vehicle 26 made illegal turn in LANE1,"(445, 243)"
2026-01-22T20:18:45.562382,ILLEGAL_TURN,3,LANE1,19,SMALL,N/A,Vehicle 19 made illegal turn in LANE1,"(527, 230)"
2026-01-22T20:18:45.753467,ILLEGAL_TURN,4,LANE1,18,SMALL,N/A,Vehicle 18 made illegal turn in LANE1,"(565, 338)"
2026-01-22T20:18:53.839000,RED_LIGHT_VIOLATION,5,LANE4,43,SMALL,N/A,Vehicle 43 ran red light in LANE4,"(511, 354)"
2026-01-22T20:19:03.426422,ILLEGAL_TURN,6,LANE1,55,SMALL,N/A,Vehicle 55 made illegal turn in LANE1,"(431, 257)"
2026-01-22T20:19:03.610442,RED_LIGHT_VIOLATION,7,LANE4,63,SMALL,N/A,Vehicle 63 ran red light in LANE4,"(497, 350)"
2026-01-22T20:19:03.610442,ILLEGAL_TURN,8,LANE1,66,SMALL,N/A,Vehicle 66 made illegal turn in LANE1,"(487, 233)"
2026-01-22T20:19:05.538138,ILLEGAL_TURN,9,LANE2,79,SMALL,N/A,Vehicle 79 made illegal turn in LANE2,"(797, 613)"
2026-01-22T20:19:23.205700,ILLEGAL_TURN,10,LANE1,114,SMALL,N/A,Vehicle 114 made illegal turn in LANE1,"(568, 243)"
2026-01-22T20:19:25.755511,RED_LIGHT_VIOLATION,11,LANE4,120,SMALL,N/A,Vehicle 120 ran red light in LANE4,"(504, 326)"
2026-01-22T20:19:25.756515,RED_LIGHT_VIOLATION,12,LANE4,130,SMALL,N/A,Vehicle 130 ran red light in LANE4,"(479, 405)"
2026-01-22T20:19:25.438941,ACCIDENT,1,UNKNOWN,180,SMALL,N/A,"Collision detected between vehicles (IDs: 180, 181) in None","(1150, 466)"
2026-01-22T20:19:25.439945,ACCIDENT,2,LANE3,185,SMALL,N/A,"Collision detected between vehicles (IDs: 185, 186) in LANE3","(1148, 352)"
2026-01-22T20:19:25.440945,ACCIDENT,3,LANE3,188,SMALL,N/A,"Collision detected between vehicles (IDs: 188, 189) in LANE3","(1141, 296)"
2026-01-22T20:19:29.236617,ILLEGAL_TURN,13,LANE2,134,SMALL,N/A,Vehicle 134 made illegal turn in LANE2,"(827, 647)"
2026-01-23T17:58:41.633054,ILLEGAL_TURN,1,LANE1,14,SMALL,N/A,Vehicle 14 made illegal turn in LANE1,"(554, 296)"
2026-01-23T17:58:41.798926,ILLEGAL_TURN,2,LANE2,26,SMALL,N/A,Vehicle 26 made illegal turn in LANE2,"(944, 669)"
2026-01-23T17:58:41.861941,ILLEGAL_TURN,3,LANE2,18,SMALL,N/A,Vehicle 18 made illegal turn in LANE2,"(841, 551)"
2026-01-23T17:58:41.980492,RED_LIGHT_VIOLATION,4,LANE1,14,SMALL,N/A,Vehicle 14 ran red light in LANE1,"(575, 317)"
2026-01-23T17:58:42.048084,RED_LIGHT_VIOLATION,5,LANE1,16,SMALL,N/A,Vehicle 16 ran red light in LANE1,"(531, 296)"
2026-01-23T17:58:42.255912,ILLEGAL_TURN,6,LANE2,27,SMALL,N/A,Vehicle 27 made illegal turn in LANE2,"(914, 612)"
2026-01-23T17:58:46.841041,ILLEGAL_TURN,7,LANE2,92,SMALL,N/A,Vehicle 92 made illegal turn in LANE2,"(740, 660)"
2026-01-23T17:58:46.999122,RED_LIGHT_VIOLATION,8,LANE1,75,SMALL,N/A,Vehicle 75 ran red light in LANE1,"(545, 290)"
2026-01-23T17:58:49.953741,RED_LIGHT_VIOLATION,9,LANE1,88,SMALL,N/A,Vehicle 88 ran red light in LANE1,"(443, 287)"
2026-01-23T17:58:51.416819,RED_LIGHT_VIOLATION,10,LANE1,113,SMALL,N/A,Vehicle 113 ran red light in LANE1,"(411, 286)"
2026-01-23T17:58:54.739524,RED_LIGHT_VIOLATION,11,LANE1,136,SMALL,N/A,Vehicle 136 ran red light in LANE1,"(536, 286)"
2026-01-23T17:58:54.739524,ILLEGAL_TURN,12,LANE1,136,SMALL,N/A,Vehicle 136 made illegal turn in LANE1,"(536, 286)"
2026-01-23T17:58:54.939576,ILLEGAL_TURN,13,LANE1,88,SMALL,N/A,Vehicle 88 made illegal turn in LANE1,"(433, 289)"
2026-01-23T17:58:55.613343,ACCIDENT,1,UNKNOWN,143,SMALL,N/A,"Collision detected between vehicles (IDs: 143, 145) in None","(82, 651)"
2026-01-23T17:58:55.614352,ACCIDENT,2,UNKNOWN,149,SMALL,N/A,"Collision detected between vehicles (IDs: 149, 150) in None","(1025, 510)"
2026-01-23T17:59:32.207765,ILLEGAL_TURN,14,LANE2,194,SMALL,N/A,Vehicle 194 made illegal turn in LANE2,"(735, 684)"
2026-01-23T17:59:34.317895,RED_LIGHT_VIOLATION,15,LANE1,188,SMALL,N/A,Vehicle 188 ran red light in LANE1,"(507, 293)"
2026-01-23T17:59:34.591006,RED_LIGHT_VIOLATION,16,LANE4,215,SMALL,N/A,Vehicle 215 ran red light in LANE4,"(458, 390)"
2026-01-23T17:59:37.839732,ILLEGAL_TURN,17,LANE4,187,SMALL,N/A,Vehicle 187 made illegal turn in LANE4,"(359, 515)"
2026-01-23T17:59:40.828676,ILLEGAL_TURN,18,LANE1,186,SMALL,N/A,Vehicle 186 made illegal turn in LANE1,"(543, 280)"
2026-01-23T17:59:40.969068,ILLEGAL_TURN,19,LANE2,296,SMALL,N/A,Vehicle 296 made illegal turn in LANE2,"(784, 701)"
2026-01-23T17:59:43.084544,ILLEGAL_TURN,20,LANE2,284,MEDIUM,N/A,Vehicle 284 made illegal turn in LANE2,"(766, 643)"
2026-01-23T17:59:43.084544,ILLEGAL_TURN,21,LANE2,301,SMALL,N/A,Vehicle 301 made illegal turn in LANE2,"(638, 604)"
2026-01-23T17:59:43.145793,ILLEGAL_TURN,22,LANE1,312,SMALL,N/A,Vehicle 312 made illegal turn in LANE1,"(539, 277)"
2026-01-23T17:59:45.869133,ILLEGAL_TURN,23,LANE1,326,SMALL,N/A,Vehicle 326 made illegal turn in LANE1,"(428, 288)"
2026-01-23T18:00:03.692415,ILLEGAL_TURN,24,LANE2,393,SMALL,N/A,Vehicle 393 made illegal turn in LANE2,"(662, 560)"
2026-01-23T18:00:09.237990,ILLEGAL_TURN,25,LANE2,482,SMALL,N/A,Vehicle 482 made illegal turn in LANE2,"(653, 565)"
2026-01-23T18:00:09.858206,ILLEGAL_TURN,26,LANE1,434,SMALL,N/A,Vehicle 434 made illegal turn in LANE1,"(542, 7)"
2026-01-23T18:00:10.141012,ACCIDENT,3,UNKNOWN,542,SMALL,N/A,"Collision detected between vehicles (IDs: 542, 543) in None","(749, 245)"
2026-01-23T18:00:10.141012,ACCIDENT,4,UNKNOWN,543,SMALL,N/A,"Collision detected between vehicles (IDs: 543, 545) in None","(730, 255)"
2026-01-23T18:00:10.141012,ACCIDENT,5,UNKNOWN,544,SMALL,N/A,"Collision detected between vehicles (IDs: 544, 546) in None","(662, 230)"
2026-01-23T18:00:11.940906,ILLEGAL_TURN,27,LANE1,462,SMALL,N/A,Vehicle 462 made illegal turn in LANE1,"(342, 6)"
2026-01-23T18:00:11.229427,ACCIDENT,6,UNKNOWN,531,SMALL,N/A,"Collision detected between vehicles (IDs: 531, 533) in None","(1195, 696)"
2026-01-23T18:00:12.014942,ACCIDENT,7,INTERSECTION,461,SMALL,N/A,Stopped vehicle(s) detected (IDs: 461) for 1.6s in INTERSECTION,"(541, 396)"
2026-01-23T18:00:15.103799,ACCIDENT,8,UNKNOWN,518,MEDIUM,N/A,"Collision detected between vehicles (IDs: 518, 589) in None","(241, 704)"
2026-01-23T18:00:46.486438,ACCIDENT,1,LANE3,14,SMALL,N/A,"Collision detected between vehicles (IDs: 14, 15) in LANE3","(919, 296)"
2026-01-23T18:00:50.196394,ILLEGAL_TURN,1,LANE2,27,MEDIUM,N/A,Vehicle 27 made illegal turn in LANE2,"(894, 492)"
2026-01-23T18:00:51.226472,ILLEGAL_TURN,2,LANE1,33,SMALL,N/A,Vehicle 33 made illegal turn in LANE1,"(535, 243)"
2026-01-23T18:00:51.400329,RED_LIGHT_VIOLATION,3,LANE4,35,SMALL,N/A,Vehicle 35 ran red light in LANE4,"(500, 416)"
2026-01-23T18:00:56.648934,RED_LIGHT_VIOLATION,4,LANE1,44,SMALL,N/A,Vehicle 44 ran red light in LANE1,"(494, 275)"
2026-01-23T18:00:58.405770,ILLEGAL_TURN,5,LANE2,54,SMALL,N/A,Vehicle 54 made illegal turn in LANE2,"(685, 578)"
2026-01-23T18:00:58.491206,ILLEGAL_TURN,6,LANE1,44,SMALL,N/A,Vehicle 44 made illegal turn in LANE1,"(460, 282)"
2026-01-23T18:00:58.602608,ILLEGAL_TURN,7,LANE2,46,SMALL,N/A,Vehicle 46 made illegal turn in LANE2,"(710, 584)"
2026-01-23T18:00:58.982006,ILLEGAL_TURN,8,LANE2,49,SMALL,N/A,Vehicle 49 made illegal turn in LANE2,"(768, 602)"
2026-01-23T18:00:58.983127,ILLEGAL_TURN,9,LANE1,52,SMALL,N/A,Vehicle 52 made illegal turn in LANE1,"(524, 245)"
2026-01-23T18:00:59.800646,ILLEGAL_TURN,10,LANE1,57,LARGE,N/A,Vehicle 57 made illegal turn in LANE1,"(480, 218)"
2026-01-23T18:01:00.515666,RED_LIGHT_VIOLATION,11,LANE4,52,SMALL,N/A,Vehicle 52 ran red light in LANE4,"(500, 325)"
2026-01-23T18:01:01.238716,ILLEGAL_TURN,12,LANE2,61,SMALL,N/A,Vehicle 61 made illegal turn in LANE2,"(662, 660)"
2026-01-23T18:01:09.602202,ILLEGAL_TURN,13,LANE2,100,SMALL,N/A,Vehicle 100 made illegal turn in LANE2,"(848, 477)"
2026-01-23T18:01:09.793446,ILLEGAL_TURN,14,LANE1,108,SMALL,N/A,Vehicle 108 made illegal turn in LANE1,"(397, 277)"
2026-01-23T18:01:09.602202,ACCIDENT,2,LANE2,110,SMALL,N/A,"Collision detected between vehicles (IDs: 110, 111) in LANE2","(858, 630)"
2026-01-23T18:01:10.325604,RED_LIGHT_VIOLATION,15,LANE4,98,SMALL,N/A,Vehicle 98 ran red light in LANE4,"(500, 360)"
2026-01-23T18:01:10.813311,ILLEGAL_TURN,16,LANE2,129,LARGE,N/A,Vehicle 129 made illegal turn in LANE2,"(702, 644)"
2026-01-23T18:07:46.248513,ILLEGAL_TURN,1,LANE1,12,SMALL,N/A,Vehicle 12 made illegal turn in LANE1,"(482, 279)"
2026-01-23T18:07:47.506345,ILLEGAL_TURN,2,LANE2,24,SMALL,N/A,Vehicle 24 made illegal turn in LANE2,"(778, 671)"
2026-01-23T18:07:55.572327,ILLEGAL_TURN,3,LANE2,47,SMALL,N/A,Vehicle 47 made illegal turn in LANE2,"(797, 661)"
2026-01-23T18:09:25.985753,ACCIDENT,1,LANE4,6,SMALL,N/A,"Collision detected between vehicles (IDs: 6, 7) in LANE4","(383, 424)"
2026-01-23T18:09:26.713003,ILLEGAL_TURN,1,LANE2,10,SMALL,N/A,Vehicle 10 made illegal turn in LANE2,"(744, 656)"
2026-01-23T18:09:27.153926,ILLEGAL_TURN,2,LANE2,12,SMALL,N/A,Vehicle 12 made illegal turn in LANE2,"(661, 642)"
2026-01-23T18:09:31.870701,ILLEGAL_TURN,3,LANE2,16,SMALL,N/A,Vehicle 16 made illegal turn in LANE2,"(779, 665)"
2026-01-23T18:10:04.836250,ILLEGAL_TURN,4,LANE1,45,SMALL,N/A,Vehicle 45 made illegal turn in LANE1,"(606, 228)"
2026-01-23T18:10:04.496667,ACCIDENT,2,LANE4,42,SMALL,N/A,"Collision detected between vehicles (IDs: 42, 43) in LANE4","(451, 370)"
2026-01-23T18:11:04.548621,ILLEGAL_TURN,1,LANE1,9,SMALL,N/A,Vehicle 9 made illegal turn in LANE1,"(653, 240)"
2026-01-23T18:13:03.524105,ILLEGAL_TURN,1,LANE1,8,SMALL,N/A,Vehicle 8 made illegal turn in LANE1,"(585, 227)"
2026-01-23T18:13:34.744492,ILLEGAL_TURN,1,LANE1,10,SMALL,N/A,Vehicle 10 made illegal turn in LANE1,"(565, 238)"
2026-01-23T18:13:34.977517,ILLEGAL_TURN,2,LANE2,12,SMALL,N/A,Vehicle 12 made illegal turn in LANE2,"(684, 627)"
2026-01-23T18:13:35.991082,ILLEGAL_TURN,3,LANE1,11,SMALL,N/A,Vehicle 11 made illegal turn in LANE1,"(623, 230)"
2026-01-23T18:13:35.992069,ILLEGAL_TURN,4,LANE2,14,SMALL,N/A,Vehicle 14 made illegal turn in LANE2,"(885, 670)"
2026-01-23T18:13:56.775592,ILLEGAL_TURN,1,LANE1,7,MEDIUM,N/A,Vehicle 7 made illegal turn in LANE1,"(613, 297)"
2026-01-23T18:13:56.860197,ILLEGAL_TURN,2,LANE1,8,SMALL,N/A,Vehicle 8 made illegal turn in LANE1,"(641, 207)"
2026-01-23T18:13:56.901793,ILLEGAL_TURN,3,LANE1,5,SMALL,N/A,Vehicle 5 made illegal turn in LANE1,"(549, 198)"
2026-01-23T18:14:00.912115,ILLEGAL_TURN,4,LANE2,17,SMALL,N/A,Vehicle 17 made illegal turn in LANE2,"(867, 656)"
2026-01-23T18:15:19.571565,ILLEGAL_TURN,1,LANE2,1,LARGE,N/A,Vehicle 1 made illegal turn in LANE2,"(646, 656)"
2026-01-23T18:15:21.339457,ILLEGAL_TURN,2,LANE2,30,SMALL,N/A,Vehicle 30 made illegal turn in LANE2,"(692, 626)"
2026-01-23T18:15:23.013316,ILLEGAL_TURN,3,LANE2,41,SMALL,N/A,Vehicle 41 made illegal turn in LANE2,"(634, 524)"
2026-01-23T18:15:23.233115,ILLEGAL_TURN,4,LANE2,43,SMALL,N/A,Vehicle 43 made illegal turn in LANE2,"(709, 546)"
2026-01-23T18:15:23.567948,ILLEGAL_TURN,5,LANE1,44,SMALL,N/A,Vehicle 44 made illegal turn in LANE1,"(682, 239)"
2026-01-23T18:15:23.715313,ILLEGAL_TURN,6,LANE1,38,SMALL,N/A,Vehicle 38 made illegal turn in LANE1,"(566, 252)"
2026-01-23T18:15:24.235409,ILLEGAL_TURN,7,LANE2,49,SMALL,N/A,Vehicle 49 made illegal turn in LANE2,"(690, 421)"
2026-01-23T18:15:25.085884,ILLEGAL_TURN,8,LANE2,47,SMALL,N/A,Vehicle 47 made illegal turn in LANE2,"(776, 422)"
2026-01-23T18:15:25.085884,ILLEGAL_TURN,9,LANE1,51,SMALL,N/A,Vehicle 51 made illegal turn in LANE1,"(527, 229)"
2026-01-23T18:15:25.605851,RED_LIGHT_VIOLATION,10,LANE4,59,SMALL,N/A,Vehicle 59 ran red light in LANE4,"(499, 361)"
2026-01-23T18:15:25.653685,ILLEGAL_TURN,11,LANE2,40,SMALL,N/A,Vehicle 40 made illegal turn in LANE2,"(690, 504)"
2026-01-23T18:15:26.551366,ILLEGAL_TURN,12,LANE1,42,SMALL,N/A,Vehicle 42 made illegal turn in LANE1,"(580, 208)"
2026-01-23T18:15:26.866942,ILLEGAL_TURN,13,LANE2,65,SMALL,N/A,Vehicle 65 made illegal turn in LANE2,"(802, 563)"
2026-01-23T18:15:26.913753,ILLEGAL_TURN,14,LANE2,57,SMALL,N/A,Vehicle 57 made illegal turn in LANE2,"(776, 495)"
2026-01-23T18:15:27.870558,ILLEGAL_TURN,15,LANE2,54,MEDIUM,N/A,Vehicle 54 made illegal turn in LANE2,"(874, 623)"
2026-01-23T18:15:31.524192,ILLEGAL_TURN,16,LANE2,68,SMALL,N/A,Vehicle 68 made illegal turn in LANE2,"(714, 498)"
2026-01-23T18:15:31.822228,ILLEGAL_TURN,17,LANE2,70,SMALL,N/A,Vehicle 70 made illegal turn in LANE2,"(752, 439)"
2026-01-23T18:15:32.684119,ILLEGAL_TURN,18,LANE2,71,SMALL,N/A,Vehicle 71 made illegal turn in LANE2,"(773, 583)"
2026-01-23T18:15:37.060722,ILLEGAL_TURN,19,LANE2,72,SMALL,N/A,Vehicle 72 made illegal turn in LANE2,"(667, 560)"
2026-01-23T18:15:39.225108,ILLEGAL_TURN,20,LANE2,81,SMALL,N/A,Vehicle 81 made illegal turn in LANE2,"(777, 484)"
2026-01-23T18:15:39.532925,ILLEGAL_TURN,21,LANE2,87,SMALL,N/A,Vehicle 87 made illegal turn in LANE2,"(666, 639)"
2026-01-23T18:15:39.532925,ILLEGAL_TURN,22,LANE2,88,SMALL,N/A,Vehicle 88 made illegal turn in LANE2,"(710, 636)"
2026-01-23T18:15:39.636803,ILLEGAL_TURN,23,LANE2,84,SMALL,N/A,Vehicle 84 made illegal turn in LANE2,"(703, 527)"
2026-01-23T18:15:39.636803,ILLEGAL_TURN,24,LANE2,89,SMALL,N/A,Vehicle 89 made illegal turn in LANE2,"(678, 440)"
2026-01-23T18:16:17.715613,ILLEGAL_TURN,1,LANE1,7,SMALL,N/A,Vehicle 7 made illegal turn in LANE1,"(607, 126)"
2026-01-23T18:16:18.886258,ILLEGAL_TURN,2,LANE1,9,SMALL,N/A,Vehicle 9 made illegal turn in LANE1,"(729, 209)"
2026-01-23T18:16:19.015217,ILLEGAL_TURN,3,LANE2,3,LARGE,N/A,Vehicle 3 made illegal turn in LANE2,"(699, 489)"
2026-01-23T18:16:21.161482,ILLEGAL_TURN,4,LANE2,17,SMALL,N/A,Vehicle 17 made illegal turn in LANE2,"(603, 420)"
2026-01-23T18:16:23.706648,ILLEGAL_TURN,5,LANE1,21,SMALL,N/A,Vehicle 21 made illegal turn in LANE1,"(687, 221)"
2026-01-23T18:17:43.444026,ILLEGAL_TURN,1,LANE1,21,SMALL,N/A,Vehicle 21 made illegal turn in LANE1,"(634, 293)"
2026-01-23T18:18:05.577813,ILLEGAL_TURN,1,LANE2,1,SMALL,N/A,Vehicle 1 made illegal turn in LANE2,"(373, 545)"
2026-01-23T18:18:05.848753,ILLEGAL_TURN,2,LANE2,2,SMALL,N/A,Vehicle 2 made illegal turn in LANE2,"(266, 454)"
2026-01-23T18:18:06.742404,ILLEGAL_TURN,3,LANE2,29,SMALL,N/A,Vehicle 29 made illegal turn in LANE2,"(297, 513)"
2026-01-23T18:18:06.943982,ILLEGAL_TURN,4,LANE2,20,SMALL,N/A,Vehicle 20 made illegal turn in LANE2,"(569, 469)"
2026-01-23T18:18:07.227134,ILLEGAL_TURN,5,LANE2,30,SMALL,N/A,Vehicle 30 made illegal turn in LANE2,"(601, 525)"
2026-01-23T18:18:11.302763,ILLEGAL_TURN,6,LANE1,10,SMALL,N/A,Vehicle 10 made illegal turn in LANE1,"(591, 192)"
2026-01-23T18:19:37.240623,ILLEGAL_TURN,1,LANE1,5,SMALL,N/A,Vehicle 5 made illegal turn in LANE1,"(671, 279)"
2026-01-23T18:19:39.839171,ILLEGAL_TURN,2,LANE1,8,SMALL,N/A,Vehicle 8 made illegal turn in LANE1,"(524, 202)"
2026-01-23T18:20:33.154131,ILLEGAL_TURN,1,LANE1,5,SMALL,N/A,Vehicle 5 made illegal turn in LANE1,"(529, 200)"
2026-01-23T18:20:33.920837,ILLEGAL_TURN,2,LANE1,15,MEDIUM,N/A,Vehicle 15 made illegal turn in LANE1,"(543, 219)"
2026-01-23T18:20:35.048021,ILLEGAL_TURN,3,LANE2,17,SMALL,N/A,Vehicle 17 made illegal turn in LANE2,"(575, 541)"
2026-01-23T18:20:35.969793,RED_LIGHT_VIOLATION,4,LANE4,22,SMALL,N/A,Vehicle 22 ran red light in LANE4,"(500, 383)"
2026-01-23T18:20:36.602525,ILLEGAL_TURN,5,LANE2,3,SMALL,N/A,Vehicle 3 made illegal turn in LANE2,"(678, 431)"
2026-01-23T18:20:49.456607,RED_LIGHT_VIOLATION,6,LANE4,32,SMALL,N/A,Vehicle 32 ran red light in LANE4,"(500, 359)"
2026-01-23T18:20:49.772464,ILLEGAL_TURN,7,LANE2,31,SMALL,N/A,Vehicle 31 made illegal turn in LANE2,"(678, 423)"
2026-01-23T18:20:49.860987,RED_LIGHT_VIOLATION,8,LANE2,31,SMALL,N/A,Vehicle 31 ran red light in LANE2,"(680, 420)"
2026-01-23T18:20:53.167591,ILLEGAL_TURN,9,LANE1,40,SMALL,N/A,Vehicle 40 made illegal turn in LANE1,"(551, 173)"
2026-01-23T18:20:53.257010,ILLEGAL_TURN,10,LANE2,41,SMALL,N/A,Vehicle 41 made illegal turn in LANE2,"(571, 657)"
2026-01-23T18:20:52.916746,ACCIDENT,1,LANE4,38,SMALL,N/A,"Collision detected between vehicles (IDs: 38, 39) in LANE4","(453, 350)"
2026-01-23T18:20:54.765863,ILLEGAL_TURN,11,LANE2,54,SMALL,N/A,Vehicle 54 made illegal turn in LANE2,"(766, 708)"
2026-01-23T18:20:57.382952,ILLEGAL_TURN,12,LANE1,68,SMALL,N/A,Vehicle 68 made illegal turn in LANE1,"(520, 145)"
2026-01-23T18:20:58.123877,ILLEGAL_TURN,13,LANE1,90,SMALL,N/A,Vehicle 90 made illegal turn in LANE1,"(576, 171)"
2026-01-23T18:20:58.751824,ILLEGAL_TURN,14,LANE2,95,LARGE,N/A,Vehicle 95 made illegal turn in LANE2,"(720, 656)"
2026-01-23T18:20:59.426128,ILLEGAL_TURN,15,LANE2,110,SMALL,N/A,Vehicle 110 made illegal turn in LANE2,"(737, 680)"
2026-01-23T18:20:59.537306,ILLEGAL_TURN,16,LANE2,66,SMALL,N/A,Vehicle 66 made illegal turn in LANE2,"(563, 439)"
2026-01-23T18:21:00.333393,ILLEGAL_TURN,17,LANE2,69,MEDIUM,N/A,Vehicle 69 made illegal turn in LANE2,"(616, 546)"
2026-01-23T18:21:03.682518,ILLEGAL_TURN,18,LANE2,122,SMALL,N/A,Vehicle 122 made illegal turn in LANE2,"(597, 515)"
2026-01-23T18:21:03.894136,ILLEGAL_TURN,19,LANE2,127,SMALL,N/A,Vehicle 127 made illegal turn in LANE2,"(603, 436)"
2026-01-23T18:21:04.228741,ILLEGAL_TURN,20,LANE2,124,SMALL,N/A,Vehicle 124 made illegal turn in LANE2,"(632, 591)"
2026-01-23T18:21:03.960083,ACCIDENT,2,LANE3,135,SMALL,N/A,"Collision detected between vehicles (IDs: 135, 136) in LANE3","(949, 394)"
2026-01-23T18:21:03.960083,ACCIDENT,3,LANE3,136,SMALL,N/A,"Collision detected between vehicles (IDs: 136, 137) in LANE3","(943, 368)"
2026-01-23T18:21:04.619242,ILLEGAL_TURN,21,LANE2,143,SMALL,N/A,Vehicle 143 made illegal turn in LANE2,"(760, 713)"
2026-01-23T18:21:31.433195,ILLEGAL_TURN,1,LANE1,6,SMALL,N/A,Vehicle 6 made illegal turn in LANE1,"(537, 202)"
2026-01-23T18:21:31.818939,ILLEGAL_TURN,2,LANE2,4,SMALL,N/A,Vehicle 4 made illegal turn in LANE2,"(576, 504)"
2026-01-23T18:21:31.818939,ILLEGAL_TURN,3,LANE2,9,SMALL,N/A,Vehicle 9 made illegal turn in LANE2,"(533, 476)"
2026-01-23T18:21:32.022232,ILLEGAL_TURN,4,LANE2,3,SMALL,N/A,Vehicle 3 made illegal turn in LANE2,"(531, 557)"
2026-01-23T18:21:38.625590,ILLEGAL_TURN,5,LANE2,15,SMALL,N/A,Vehicle 15 made illegal turn in LANE2,"(577, 518)"
2026-01-23T18:21:38.705631,ILLEGAL_TURN,6,LANE1,14,SMALL,N/A,Vehicle 14 made illegal turn in LANE1,"(665, 287)"
2026-01-23T18:21:40.311722,ILLEGAL_TURN,7,LANE2,13,SMALL,N/A,Vehicle 13 made illegal turn in LANE2,"(626, 510)"
2026-01-23T18:21:41.299352,ILLEGAL_TURN,8,LANE1,24,SMALL,N/A,Vehicle 24 made illegal turn in LANE1,"(583, 203)"
2026-01-23T18:21:41.681059,ILLEGAL_TURN,9,LANE1,25,SMALL,N/A,Vehicle 25 made illegal turn in LANE1,"(582, 203)"
2026-01-23T18:21:44.552376,ILLEGAL_TURN,10,LANE2,28,SMALL,N/A,Vehicle 28 made illegal turn in LANE2,"(656, 565)"
2026-01-23T18:21:55.498163,ILLEGAL_TURN,11,LANE2,43,SMALL,N/A,Vehicle 43 made illegal turn in LANE2,"(567, 523)"
2026-01-23T18:21:56.869779,ILLEGAL_TURN,12,LANE2,40,SMALL,N/A,Vehicle 40 made illegal turn in LANE2,"(728, 566)"
2026-01-23T18:21:57.385552,ILLEGAL_TURN,13,LANE2,42,SMALL,N/A,Vehicle 42 made illegal turn in LANE2,"(604, 584)"
2026-01-23T18:21:57.700702,ILLEGAL_TURN,14,LANE2,44,SMALL,N/A,Vehicle 44 made illegal turn in LANE2,"(644, 523)"
2026-01-23T18:21:58.320000,ILLEGAL_TURN,15,LANE1,36,SMALL,N/A,Vehicle 36 made illegal turn in LANE1,"(665, 280)"
2026-01-23T18:21:59.437131,ILLEGAL_TURN,16,LANE2,47,SMALL,N/A,Vehicle 47 made illegal turn in LANE2,"(639, 470)"
2026-01-23T18:21:59.856679,ACCIDENT,1,LANE2,42,SMALL,N/A,Stopped vehicle(s) detected (IDs: 42) for 0.6s in LANE2,"(605, 583)"
2026-01-23T18:22:00.042967,ACCIDENT,2,LANE2,44,SMALL,N/A,Stopped vehicle(s) detected (IDs: 44) for 0.6s in LANE2,"(652, 518)"
2026-01-23T18:22:05.536918,ACCIDENT,3,LANE4,50,SMALL,N/A,Stopped vehicle(s) detected (IDs: 50) for 0.6s in LANE4,"(368, 294)"
2026-01-23T18:22:09.366253,ILLEGAL_TURN,17,LANE1,59,SMALL,N/A,Vehicle 59 made illegal turn in LANE1,"(591, 202)"
2026-01-23T18:22:10.424955,ILLEGAL_TURN,18,LANE2,55,SMALL,N/A,Vehicle 55 made illegal turn in LANE2,"(625, 514)"
2026-01-23T18:24:27.039318,ILLEGAL_TURN,1,LANE2,12,SMALL,N/A,Vehicle 12 made illegal turn in LANE2,"(577, 438)"
2026-01-23T18:24:27.963881,ILLEGAL_TURN,2,LANE2,18,SMALL,N/A,Vehicle 18 made illegal turn in LANE2,"(594, 688)"
2026-01-23T18:24:28.060330,ILLEGAL_TURN,3,LANE2,17,SMALL,N/A,Vehicle 17 made illegal turn in LANE2,"(515, 704)"
2026-01-23T18:24:34.712808,ILLEGAL_TURN,4,LANE2,22,SMALL,N/A,Vehicle 22 made illegal turn in LANE2,"(538, 447)"
2026-01-23T18:24:34.763162,ILLEGAL_TURN,5,LANE2,21,SMALL,N/A,Vehicle 21 made illegal turn in LANE2,"(588, 480)"
2026-01-23T18:24:35.935513,ACCIDENT,1,LANE3,51,SMALL,N/A,"Collision detected between vehicles (IDs: 51, 52) in LANE3","(1157, 323)"
2026-01-23T18:24:37.262547,ILLEGAL_TURN,6,LANE2,30,SMALL,N/A,Vehicle 30 made illegal turn in LANE2,"(729, 670)"
2026-01-23T18:24:39.334245,ILLEGAL_TURN,7,LANE2,72,LARGE,N/A,Vehicle 72 made illegal turn in LANE2,"(637, 546)"
2026-01-23T18:24:39.523565,ILLEGAL_TURN,8,LANE2,77,SMALL,N/A,Vehicle 77 made illegal turn in LANE2,"(713, 600)"
2026-01-23T18:24:39.524565,ILLEGAL_TURN,9,LANE2,89,MEDIUM,N/A,Vehicle 89 made illegal turn in LANE2,"(557, 536)"
2026-01-23T18:24:40.552205,RED_LIGHT_VIOLATION,10,LANE4,121,SMALL,N/A,Vehicle 121 ran red light in LANE4,"(500, 340)"
2026-01-23T18:24:43.851340,ILLEGAL_TURN,11,LANE1,112,SMALL,N/A,Vehicle 112 made illegal turn in LANE1,"(529, 203)"
2026-01-23T18:25:31.408366,ILLEGAL_TURN,1,LANE2,5,SMALL,N/A,Vehicle 5 made illegal turn in LANE2,"(768, 667)"
2026-01-23T18:25:31.491789,ILLEGAL_TURN,2,LANE1,9,SMALL,N/A,Vehicle 9 made illegal turn in LANE1,"(539, 200)"
2026-01-23T18:25:32.908215,ILLEGAL_TURN,3,LANE2,6,SMALL,N/A,Vehicle 6 made illegal turn in LANE2,"(586, 508)"
2026-01-23T18:25:33.854717,RED_LIGHT_VIOLATION,4,LANE4,20,SMALL,N/A,Vehicle 20 ran red light in LANE4,"(500, 327)"
2026-01-23T18:25:33.923477,RED_LIGHT_VIOLATION,5,LANE4,19,SMALL,N/A,Vehicle 19 ran red light in LANE4,"(500, 327)"
2026-01-23T18:25:33.714849,ACCIDENT,1,LANE1,52,SMALL,N/A,"Collision detected between vehicles (IDs: 52, 53) in LANE1","(732, 188)"
2026-01-23T18:25:34.618292,ACCIDENT,2,LANE4,65,SMALL,N/A,"Collision detected between vehicles (IDs: 65, 66) in LANE4","(430, 326)"
2026-01-23T18:25:38.164917,RED_LIGHT_VIOLATION,6,LANE2,90,SMALL,N/A,Vehicle 90 ran red light in LANE2,"(663, 420)"
2026-01-23T18:25:40.666545,ILLEGAL_TURN,7,LANE2,98,SMALL,N/A,Vehicle 98 made illegal turn in LANE2,"(666, 424)"
2026-01-23T18:25:41.345337,RED_LIGHT_VIOLATION,8,LANE2,101,MEDIUM,N/A,Vehicle 101 ran red light in LANE2,"(702, 422)"
2026-01-23T18:25:42.271172,ILLEGAL_TURN,9,LANE2,97,SMALL,N/A,Vehicle 97 made illegal turn in LANE2,"(632, 550)"
2026-01-23T18:25:42.359233,ILLEGAL_TURN,10,LANE1,103,SMALL,N/A,Vehicle 103 made illegal turn in LANE1,"(624, 199)"
2026-01-23T18:25:42.539499,ILLEGAL_TURN,11,LANE1,108,SMALL,N/A,Vehicle 108 made illegal turn in LANE1,"(697, 273)"
2026-01-23T18:25:42.672476,ILLEGAL_TURN,12,LANE2,105,SMALL,N/A,Vehicle 105 made illegal turn in LANE2,"(753, 664)"
2026-01-23T18:25:45.666732,ILLEGAL_TURN,13,LANE2,115,SMALL,N/A,Vehicle 115 made illegal turn in LANE2,"(597, 599)"
2026-01-23T18:26:05.567203,RED_LIGHT_VIOLATION,14,LANE4,129,SMALL,N/A,Vehicle 129 ran red light in LANE4,"(500, 401)"
2026-01-23T18:26:25.487345,ILLEGAL_TURN,1,LANE1,8,SMALL,N/A,Vehicle 8 made illegal turn in LANE1,"(545, 207)"
2026-01-23T18:26:31.524049,RED_LIGHT_VIOLATION,2,LANE4,20,SMALL,N/A,Vehicle 20 ran red light in LANE4,"(500, 383)"
2026-01-23T18:26:31.779964,RED_LIGHT_VIOLATION,3,LANE4,21,SMALL,N/A,Vehicle 21 ran red light in LANE4,"(498, 368)"
2026-01-23T18:26:31.865997,ILLEGAL_TURN,4,LANE2,22,SMALL,N/A,Vehicle 22 made illegal turn in LANE2,"(738, 641)"
2026-01-23T18:26:31.952574,ILLEGAL_TURN,5,LANE1,15,SMALL,N/A,Vehicle 15 made illegal turn in LANE1,"(538, 190)"
2026-01-23T18:26:32.647667,ILLEGAL_TURN,6,LANE1,41,LARGE,N/A,Vehicle 41 made illegal turn in LANE1,"(553, 63)"
2026-01-23T18:26:32.747927,ILLEGAL_TURN,7,LANE1,37,SMALL,N/A,Vehicle 37 made illegal turn in LANE1,"(755, 56)"
2026-01-23T18:26:33.687438,ILLEGAL_TURN,8,LANE2,16,SMALL,N/A,Vehicle 16 made illegal turn in LANE2,"(528, 490)"
2026-01-23T18:26:34.082515,ILLEGAL_TURN,9,LANE2,45,LARGE,N/A,Vehicle 45 made illegal turn in LANE2,"(760, 672)"
2026-01-23T18:26:34.594429,ILLEGAL_TURN,10,LANE1,50,SMALL,N/A,Vehicle 50 made illegal turn in LANE1,"(550, 222)"
2026-01-23T18:26:34.647088,ILLEGAL_TURN,11,LANE1,34,SMALL,N/A,Vehicle 34 made illegal turn in LANE1,"(547, 63)"
2026-01-23T18:26:35.220936,ILLEGAL_TURN,12,LANE1,19,SMALL,N/A,Vehicle 19 made illegal turn in LANE1,"(578, 241)"
2026-01-23T18:26:35.376696,ILLEGAL_TURN,13,LANE1,58,SMALL,N/A,Vehicle 58 made illegal turn in LANE1,"(628, 206)"
2026-01-23T18:26:35.649049,ILLEGAL_TURN,14,LANE2,59,MEDIUM,N/A,Vehicle 59 made illegal turn in LANE2,"(706, 444)"
2026-01-23T18:26:35.753195,ILLEGAL_TURN,15,LANE2,48,SMALL,N/A,Vehicle 48 made illegal turn in LANE2,"(690, 639)"
2026-01-23T18:26:35.854994,ILLEGAL_TURN,16,LANE2,57,SMALL,N/A,Vehicle 57 made illegal turn in LANE2,"(628, 517)"
2026-01-23T18:26:36.412659,ILLEGAL_TURN,17,LANE2,64,SMALL,N/A,Vehicle 64 made illegal turn in LANE2,"(564, 683)"
2026-01-23T18:27:01.706544,ILLEGAL_TURN,1,LANE2,12,SMALL,N/A,Vehicle 12 made illegal turn in LANE2,"(559, 522)"
2026-01-23T18:27:01.706544,ILLEGAL_TURN,2,LANE2,14,SMALL,N/A,Vehicle 14 made illegal turn in LANE2,"(545, 457)"
2026-01-23T18:27:02.270265,ACCIDENT,1,LANE4,15,SMALL,N/A,"Collision detected between vehicles (IDs: 15, 22) in LANE4","(413, 358)"
2026-01-23T18:27:02.802284,ILLEGAL_TURN,3,LANE2,25,SMALL,N/A,Vehicle 25 made illegal turn in LANE2,"(765, 555)"
2026-01-23T18:27:02.989578,ILLEGAL_TURN,4,LANE2,20,SMALL,N/A,Vehicle 20 made illegal turn in LANE2,"(525, 498)"
2026-01-23T18:27:05.221350,ILLEGAL_TURN,5,LANE2,47,SMALL,N/A,Vehicle 47 made illegal turn in LANE2,"(727, 653)"
2026-01-23T18:27:05.651303,ACCIDENT,2,LANE3,44,SMALL,N/A,"Collision detected between vehicles (IDs: 44, 50) in LANE3","(1107, 341)"
2026-01-23T18:27:06.021765,ACCIDENT,3,LANE3,40,SMALL,N/A,"Collision detected between vehicles (IDs: 40, 51) in LANE3","(975, 440)"
2026-01-23T18:27:06.565731,ILLEGAL_TURN,6,LANE2,58,LARGE,N/A,Vehicle 58 made illegal turn in LANE2,"(702, 430)"
2026-01-23T18:27:06.727629,ILLEGAL_TURN,7,LANE1,61,SMALL,N/A,Vehicle 61 made illegal turn in LANE1,"(597, 254)"
2026-01-23T18:27:06.250129,ACCIDENT,4,LANE2,58,LARGE,N/A,"Collision detected between vehicles (IDs: 58, 60) in LANE2","(708, 429)"
2026-01-23T18:27:07.451730,ILLEGAL_TURN,8,LANE1,69,SMALL,N/A,Vehicle 69 made illegal turn in LANE1,"(650, 236)"
2026-01-23T18:27:19.180593,ILLEGAL_TURN,9,LANE2,72,SMALL,N/A,Vehicle 72 made illegal turn in LANE2,"(692, 435)"
2026-01-23T18:27:19.237664,ILLEGAL_TURN,10,LANE2,71,SMALL,N/A,Vehicle 71 made illegal turn in LANE2,"(644, 520)"
2026-01-23T18:27:19.753072,ILLEGAL_TURN,11,LANE1,76,SMALL,N/A,Vehicle 76 made illegal turn in LANE1,"(538, 213)"
2026-01-23T18:27:20.940907,ILLEGAL_TURN,12,LANE2,79,SMALL,N/A,Vehicle 79 made illegal turn in LANE2,"(754, 647)"
2026-01-23T18:27:24.472855,ILLEGAL_TURN,13,LANE2,84,SMALL,N/A,Vehicle 84 made illegal turn in LANE2,"(630, 642)"
2026-01-23T18:27:24.746252,ILLEGAL_TURN,14,LANE2,85,SMALL,N/A,Vehicle 85 made illegal turn in LANE2,"(755, 642)"
2026-01-23T18:27:26.206007,ILLEGAL_TURN,15,LANE2,82,SMALL,N/A,Vehicle 82 made illegal turn in LANE2,"(627, 645)"
2026-01-23T18:27:28.315100,ILLEGAL_TURN,16,LANE2,88,SMALL,N/A,Vehicle 88 made illegal turn in LANE2,"(615, 504)"
2026-01-23T18:27:32.321831,ILLEGAL_TURN,17,LANE2,99,SMALL,N/A,Vehicle 99 made illegal turn in LANE2,"(728, 610)"
2026-01-23T18:27:32.568258,ILLEGAL_TURN,18,LANE2,102,SMALL,N/A,Vehicle 102 made illegal turn in LANE2,"(773, 651)"
2026-01-23T18:27:33.454345,ILLEGAL_TURN,19,LANE2,105,SMALL,N/A,Vehicle 105 made illegal turn in LANE2,"(693, 637)"
2026-01-23T18:27:34.189453,ILLEGAL_TURN,20,LANE2,100,MEDIUM,N/A,Vehicle 100 made illegal turn in LANE2,"(562, 574)"
2026-01-23T18:27:35.004203,ILLEGAL_TURN,21,LANE2,109,SMALL,N/A,Vehicle 109 made illegal turn in LANE2,"(533, 565)"
2026-01-23T18:27:41.599983,ILLEGAL_TURN,22,LANE2,113,SMALL,N/A,Vehicle 113 made illegal turn in LANE2,"(732, 619)"
2026-01-23T18:27:41.866285,ILLEGAL_TURN,23,LANE2,115,SMALL,N/A,Vehicle 115 made illegal turn in LANE2,"(641, 624)"
2026-01-23T18:27:43.029402,ILLEGAL_TURN,24,LANE2,117,SMALL,N/A,Vehicle 117 made illegal turn in LANE2,"(633, 434)"
2026-01-23T18:27:56.583734,ILLEGAL_TURN,1,LANE2,8,SMALL,N/A,Vehicle 8 made illegal turn in LANE2,"(620, 522)"
2026-01-23T18:27:56.752772,ILLEGAL_TURN,2,LANE1,12,SMALL,N/A,Vehicle 12 made illegal turn in LANE1,"(524, 212)"
2026-01-23T18:27:56.890012,ILLEGAL_TURN,3,LANE1,14,SMALL,N/A,Vehicle 14 made illegal turn in LANE1,"(626, 226)"
2026-01-23T18:27:58.343344,ILLEGAL_TURN,4,LANE2,17,SMALL,N/A,Vehicle 17 made illegal turn in LANE2,"(699, 625)"
2026-01-23T18:28:01.086079,ILLEGAL_TURN,5,LANE2,27,SMALL,N/A,Vehicle 27 made illegal turn in LANE2,"(627, 635)"
2026-01-23T18:28:03.717938,ILLEGAL_TURN,6,LANE4,10,SMALL,N/A,Vehicle 10 made illegal turn in LANE4,"(400, 432)"
2026-01-23T18:29:23.059083,ILLEGAL_TURN,1,LANE2,2,SMALL,N/A,Vehicle 2 made illegal turn in LANE2,"(566, 488)"
2026-01-23T18:29:28.812629,ILLEGAL_TURN,2,LANE1,21,SMALL,N/A,Vehicle 21 made illegal turn in LANE1,"(623, 239)"
2026-01-23T18:29:28.855646,ILLEGAL_TURN,3,LANE4,14,SMALL,N/A,Vehicle 14 made illegal turn in LANE4,"(411, 350)"
2026-01-23T18:29:28.855646,ILLEGAL_TURN,4,LANE2,18,SMALL,N/A,Vehicle 18 made illegal turn in LANE2,"(617, 595)"
2026-01-23T18:29:28.855646,ILLEGAL_TURN,5,LANE2,19,SMALL,N/A,Vehicle 19 made illegal turn in LANE2,"(618, 509)"
2026-01-23T18:29:30.182658,ILLEGAL_TURN,6,LANE1,24,SMALL,N/A,Vehicle 24 made illegal turn in LANE1,"(666, 298)"
2026-01-23T18:30:31.701230,ILLEGAL_TURN,1,LANE2,14,SMALL,N/A,Vehicle 14 made illegal turn in LANE2,"(500, 702)"
2026-01-23T18:31:17.712727,ILLEGAL_TURN,1,LANE2,8,SMALL,N/A,Vehicle 8 made illegal turn in LANE2,"(564, 499)"
2026-01-23T18:31:18.112194,ILLEGAL_TURN,2,LANE2,13,SMALL,N/A,Vehicle 13 made illegal turn in LANE2,"(649, 646)"
2026-01-23T18:31:18.179397,ILLEGAL_TURN,3,LANE2,11,SMALL,N/A,Vehicle 11 made illegal turn in LANE2,"(618, 599)"
2026-01-23T18:31:18.256444,ILLEGAL_TURN,4,LANE2,15,SMALL,N/A,Vehicle 15 made illegal turn in LANE2,"(544, 700)"
2026-01-23T18:31:18.455288,RED_LIGHT_VIOLATION,5,LANE4,9,SMALL,N/A,Vehicle 9 ran red light in LANE4,"(500, 372)"
2026-01-23T18:31:19.368405,ILLEGAL_TURN,6,LANE1,20,MEDIUM,N/A,Vehicle 20 made illegal turn in LANE1,"(576, 188)"
2026-01-23T18:31:19.566258,ILLEGAL_TURN,7,LANE2,19,SMALL,N/A,Vehicle 19 made illegal turn in LANE2,"(702, 622)"
2026-01-23T18:31:40.049167,ACCIDENT,1,LANE1,11,SMALL,N/A,"Collision detected between vehicles (IDs: 11, 12) in LANE1","(556, 189)"
2026-01-23T18:31:41.263158,RED_LIGHT_VIOLATION,1,LANE4,8,SMALL,N/A,Vehicle 8 ran red light in LANE4,"(500, 374)"
2026-01-23T18:31:41.326030,ILLEGAL_TURN,2,LANE1,12,SMALL,N/A,Vehicle 12 made illegal turn in LANE1,"(548, 191)"
2026-01-23T18:31:41.684180,ILLEGAL_TURN,3,LANE2,13,SMALL,N/A,Vehicle 13 made illegal turn in LANE2,"(592, 496)"
2026-01-23T18:31:45.259252,ILLEGAL_TURN,4,LANE2,24,SMALL,N/A,Vehicle 24 made illegal turn in LANE2,"(728, 680)"
2026-01-23T18:31:45.259252,ILLEGAL_TURN,5,LANE2,27,LARGE,N/A,Vehicle 27 made illegal turn in LANE2,"(714, 636)"
2026-01-23T18:31:46.903366,ILLEGAL_TURN,6,LANE1,31,SMALL,N/A,Vehicle 31 made illegal turn in LANE1,"(537, 234)"
2026-01-23T18:32:08.542428,ILLEGAL_TURN,1,LANE1,11,SMALL,N/A,Vehicle 11 made illegal turn in LANE1,"(594, 294)"
2026-01-23T18:32:08.542428,ILLEGAL_TURN,2,LANE1,12,SMALL,N/A,Vehicle 12 made illegal turn in LANE1,"(628, 218)"
2026-01-23T18:32:10.769676,ILLEGAL_TURN,3,LANE2,16,SMALL,N/A,Vehicle 16 made illegal turn in LANE2,"(683, 621)"
2026-01-23T18:32:15.814351,ILLEGAL_TURN,4,LANE1,23,SMALL,N/A,Vehicle 23 made illegal turn in LANE1,"(653, 244)"
2026-01-23T18:32:17.837998,ILLEGAL_TURN,5,LANE2,27,SMALL,N/A,Vehicle 27 made illegal turn in LANE2,"(704, 637)"
2026-01-23T18:32:18.601045,ILLEGAL_TURN,6,LANE1,34,SMALL,N/A,Vehicle 34 made illegal turn in LANE1,"(571, 296)"
2026-01-23T18:32:19.663442,ILLEGAL_TURN,7,LANE1,37,SMALL,N/A,Vehicle 37 made illegal turn in LANE1,"(655, 249)"
2026-01-23T18:32:19.741771,ILLEGAL_TURN,8,LANE2,28,SMALL,N/A,Vehicle 28 made illegal turn in LANE2,"(648, 643)"
2026-01-23T18:32:29.377662,ILLEGAL_TURN,1,LANE2,2,SMALL,N/A,Vehicle 2 made illegal turn in LANE2,"(491, 684)"
2026-01-23T18:32:31.539334,ILLEGAL_TURN,2,LANE2,18,SMALL,N/A,Vehicle 18 made illegal turn in LANE2,"(490, 695)"
2026-01-23T18:32:32.117189,ILLEGAL_TURN,3,LANE1,26,SMALL,N/A,Vehicle 26 made illegal turn in LANE1,"(513, 4)"
2026-01-23T18:32:32.486777,ILLEGAL_TURN,4,LANE1,38,MEDIUM,N/A,Vehicle 38 made illegal turn in LANE1,"(530, 179)"
2026-01-23T18:32:34.460138,ACCIDENT,1,LANE4,56,SMALL,N/A,"Collision detected between vehicles (IDs: 56, 58) in LANE4","(380, 400)"
2026-01-23T18:32:34.460138,ACCIDENT,2,LANE4,57,SMALL,N/A,"Collision detected between vehicles (IDs: 57, 58) in LANE4","(388, 382)"
2026-01-23T18:32:36.583454,ILLEGAL_TURN,5,LANE1,60,SMALL,N/A,Vehicle 60 made illegal turn in LANE1,"(668, 281)"
2026-01-23T18:32:44.458272,ILLEGAL_TURN,1,LANE2,4,SMALL,N/A,Vehicle 4 made illegal turn in LANE2,"(601, 474)"
2026-01-23T18:32:45.736117,ILLEGAL_TURN,2,LANE2,3,SMALL,N/A,Vehicle 3 made illegal turn in LANE2,"(529, 504)"
2026-01-23T18:32:45.919171,ILLEGAL_TURN,3,LANE2,6,SMALL,N/A,Vehicle 6 made illegal turn in LANE2,"(608, 545)"
2026-01-23T18:32:48.893357,ILLEGAL_TURN,4,LANE2,16,SMALL,N/A,Vehicle 16 made illegal turn in LANE2,"(543, 488)"
2026-01-23T18:32:50.013109,ILLEGAL_TURN,5,LANE2,21,SMALL,N/A,Vehicle 21 made illegal turn in LANE2,"(623, 428)"
2026-01-23T18:32:51.505402,ACCIDENT,1,LANE3,25,SMALL,N/A,"Collision detected between vehicles (IDs: 25, 26) in LANE3","(859, 315)"
2026-01-23T18:33:24.304506,ILLEGAL_TURN,1,LANE2,22,SMALL,N/A,Vehicle 22 made illegal turn in LANE2,"(576, 638)"
2026-01-23T18:33:25.459466,ILLEGAL_TURN,2,LANE2,25,SMALL,N/A,Vehicle 25 made illegal turn in LANE2,"(686, 508)"
2026-01-23T18:33:25.511481,ILLEGAL_TURN,3,LANE2,18,LARGE,N/A,Vehicle 18 made illegal turn in LANE2,"(728, 658)"
2026-01-23T18:33:25.614202,ILLEGAL_TURN,4,LANE2,20,SMALL,N/A,Vehicle 20 made illegal turn in LANE2,"(591, 598)"
2026-01-23T18:33:26.768877,ILLEGAL_TURN,5,LANE2,15,SMALL,N/A,Vehicle 15 made illegal turn in LANE2,"(655, 553)"
2026-01-23T18:33:27.886086,ILLEGAL_TURN,6,LANE2,36,SMALL,N/A,Vehicle 36 made illegal turn in LANE2,"(710, 709)"
2026-01-23T18:33:28.674523,ILLEGAL_TURN,7,LANE2,38,SMALL,N/A,Vehicle 38 made illegal turn in LANE2,"(611, 644)"
2026-01-23T18:33:31.189177,ILLEGAL_TURN,8,LANE2,34,SMALL,N/A,Vehicle 34 made illegal turn in LANE2,"(541, 508)"
2026-01-23T18:33:45.259448,ILLEGAL_TURN,1,LANE1,8,SMALL,N/A,Vehicle 8 made illegal turn in LANE1,"(540, 178)"
2026-01-23T18:33:56.005684,ILLEGAL_TURN,1,LANE1,4,SMALL,N/A,Vehicle 4 made illegal turn in LANE1,"(646, 262)"
2026-01-23T18:34:03.204593,ILLEGAL_TURN,2,LANE2,5,SMALL,N/A,Vehicle 5 made illegal turn in LANE2,"(556, 471)"
2026-01-23T18:34:10.044878,ILLEGAL_TURN,3,LANE2,11,SMALL,N/A,Vehicle 11 made illegal turn in LANE2,"(591, 528)"
2026-01-23T18:34:10.212579,ILLEGAL_TURN,4,LANE2,9,SMALL,N/A,Vehicle 9 made illegal turn in LANE2,"(573, 601)"
2026-01-23T18:34:10.212579,ILLEGAL_TURN,5,LANE2,13,SMALL,N/A,Vehicle 13 made illegal turn in LANE2,"(576, 421)"
2026-01-23T18:34:11.338101,ILLEGAL_TURN,6,LANE2,17,SMALL,N/A,Vehicle 17 made illegal turn in LANE2,"(576, 598)"
2026-01-23T18:34:17.216991,ILLEGAL_TURN,7,LANE1,23,SMALL,N/A,Vehicle 23 made illegal turn in LANE1,"(520, 176)"
2026-01-23T18:35:06.164120,ILLEGAL_TURN,1,LANE2,1,SMALL,N/A,Vehicle 1 made illegal turn in LANE2,"(570, 541)"
2026-01-23T18:35:09.866392,ACCIDENT,1,LANE4,11,SMALL,N/A,"Collision detected between vehicles (IDs: 11, 13) in LANE4","(391, 379)"
2026-01-23T18:35:11.433108,ILLEGAL_TURN,2,LANE1,14,SMALL,N/A,Vehicle 14 made illegal turn in LANE1,"(554, 177)"
2026-01-23T18:35:11.480096,ILLEGAL_TURN,3,LANE1,15,SMALL,N/A,Vehicle 15 made illegal turn in LANE1,"(694, 286)"
2026-01-23T18:35:16.181907,ILLEGAL_TURN,4,LANE1,20,SMALL,N/A,Vehicle 20 made illegal turn in LANE1,"(685, 294)"
2026-01-23T18:35:16.382963,ILLEGAL_TURN,5,LANE1,22,SMALL,N/A,Vehicle 22 made illegal turn in LANE1,"(632, 295)"
2026-01-23T18:35:16.699618,ILLEGAL_TURN,6,LANE1,25,SMALL,N/A,Vehicle 25 made illegal turn in LANE1,"(564, 178)"
2026-01-23T18:35:17.053643,ILLEGAL_TURN,7,LANE2,21,SMALL,N/A,Vehicle 21 made illegal turn in LANE2,"(647, 611)"
2026-01-23T18:35:18.103712,ILLEGAL_TURN,8,LANE2,27,SMALL,N/A,Vehicle 27 made illegal turn in LANE2,"(580, 460)"
2026-01-23T18:35:18.673055,ILLEGAL_TURN,9,LANE1,31,SMALL,N/A,Vehicle 31 made illegal turn in LANE1,"(555, 300)"
2026-01-23T18:35:32.813457,ILLEGAL_TURN,1,LANE2,14,SMALL,N/A,Vehicle 14 made illegal turn in LANE2,"(516, 596)"
2026-01-23T18:35:32.813457,ILLEGAL_TURN,2,LANE1,16,MEDIUM,N/A,Vehicle 16 made illegal turn in LANE1,"(608, 297)"
2026-01-23T18:35:38.347576,ACCIDENT,1,LANE4,21,SMALL,N/A,"Collision detected between vehicles (IDs: 21, 22) in LANE4","(381, 382)"
2026-01-23T18:35:39.535272,ILLEGAL_TURN,3,LANE1,24,SMALL,N/A,Vehicle 24 made illegal turn in LANE1,"(535, 181)"
2026-01-23T18:36:03.270499,ILLEGAL_TURN,1,LANE1,9,MEDIUM,N/A,Vehicle 9 made illegal turn in LANE1,"(639, 299)"
2026-01-23T18:36:19.408749,ILLEGAL_TURN,1,LANE2,23,MEDIUM,N/A,Vehicle 23 made illegal turn in LANE2,"(660, 451)"
2026-01-23T18:36:20.505857,ILLEGAL_TURN,2,LANE2,25,SMALL,N/A,Vehicle 25 made illegal turn in LANE2,"(683, 431)"
2026-01-23T18:36:20.643699,ILLEGAL_TURN,3,LANE2,11,SMALL,N/A,Vehicle 11 made illegal turn in LANE2,"(720, 651)"
2026-01-23T18:36:20.815850,ILLEGAL_TURN,4,LANE2,19,SMALL,N/A,Vehicle 19 made illegal turn in LANE2,"(686, 489)"
2026-01-23T18:36:21.422535,ILLEGAL_TURN,5,LANE1,33,SMALL,N/A,Vehicle 33 made illegal turn in LANE1,"(538, 179)"
2026-01-23T18:36:21.675046,ILLEGAL_TURN,6,LANE2,38,SMALL,N/A,Vehicle 38 made illegal turn in LANE2,"(669, 504)"
2026-01-23T18:36:21.899436,ILLEGAL_TURN,7,LANE2,39,SMALL,N/A,Vehicle 39 made illegal turn in LANE2,"(654, 529)"
2026-01-23T18:36:23.165395,ILLEGAL_TURN,8,LANE2,9,SMALL,N/A,Vehicle 9 made illegal turn in LANE2,"(675, 594)"
2026-01-23T18:36:24.185044,ILLEGAL_TURN,9,LANE2,44,SMALL,N/A,Vehicle 44 made illegal turn in LANE2,"(626, 434)"
2026-01-23T18:36:24.694977,ILLEGAL_TURN,10,LANE2,43,MEDIUM,N/A,Vehicle 43 made illegal turn in LANE2,"(755, 600)"
2026-01-23T18:36:25.258184,ILLEGAL_TURN,11,LANE2,46,SMALL,N/A,Vehicle 46 made illegal turn in LANE2,"(694, 484)"
2026-01-23T18:36:26.112965,ILLEGAL_TURN,12,LANE2,49,SMALL,N/A,Vehicle 49 made illegal turn in LANE2,"(691, 606)"
2026-01-23T18:36:27.756993,ILLEGAL_TURN,13,LANE2,53,SMALL,N/A,Vehicle 53 made illegal turn in LANE2,"(709, 532)"
2026-01-23T18:36:28.299223,ILLEGAL_TURN,14,LANE2,54,SMALL,N/A,Vehicle 54 made illegal turn in LANE2,"(749, 506)"
2026-01-23T18:36:29.920579,ILLEGAL_TURN,15,LANE1,56,MEDIUM,N/A,Vehicle 56 made illegal turn in LANE1,"(624, 292)"
2026-01-23T18:36:34.651980,ILLEGAL_TURN,16,LANE1,57,SMALL,N/A,Vehicle 57 made illegal turn in LANE1,"(645, 286)"
2026-01-23T18:36:36.685057,ACCIDENT,1,LANE4,59,SMALL,N/A,"Collision detected between vehicles (IDs: 59, 60) in LANE4","(427, 338)"
2026-01-23T18:36:40.392368,ILLEGAL_TURN,17,LANE1,66,SMALL,N/A,Vehicle 66 made illegal turn in LANE1,"(609, 270)"
2026-01-23T18:36:53.996758,ACCIDENT,1,LANE4,3,SMALL,N/A,"Collision detected between vehicles (IDs: 3, 4) in LANE4","(435, 360)"
2026-01-23T18:36:54.900391,ILLEGAL_TURN,1,LANE2,8,SMALL,N/A,Vehicle 8 made illegal turn in LANE2,"(524, 576)"
2026-01-23T18:36:55.014937,ILLEGAL_TURN,2,LANE2,6,SMALL,N/A,Vehicle 6 made illegal turn in LANE2,"(516, 651)"
2026-01-23T18:36:56.090906,ILLEGAL_TURN,3,LANE2,2,SMALL,N/A,Vehicle 2 made illegal turn in LANE2,"(575, 564)"
2026-01-23T18:36:56.830553,ILLEGAL_TURN,4,LANE1,19,SMALL,N/A,Vehicle 19 made illegal turn in LANE1,"(516, 175)"
2026-01-23T18:37:02.504084,ILLEGAL_TURN,5,LANE2,26,SMALL,N/A,Vehicle 26 made illegal turn in LANE2,"(623, 605)"
2026-01-23T18:37:48.407519,ILLEGAL_TURN,1,LANE1,3,SMALL,N/A,Vehicle 3 made illegal turn in LANE1,"(551, 188)"
2026-01-23T18:38:11.341829,ILLEGAL_TURN,1,LANE1,6,SMALL,N/A,Vehicle 6 made illegal turn in LANE1,"(616, 241)"
2026-01-23T18:38:20.472856,ILLEGAL_TURN,2,LANE2,31,SMALL,N/A,Vehicle 31 made illegal turn in LANE2,"(660, 609)"
2026-01-23T18:38:27.729009,ILLEGAL_TURN,1,LANE2,3,SMALL,N/A,Vehicle 3 made illegal turn in LANE2,"(608, 502)"
2026-01-23T18:38:30.720773,ILLEGAL_TURN,2,LANE1,15,SMALL,N/A,Vehicle 15 made illegal turn in LANE1,"(638, 206)"
2026-01-23T18:38:33.447593,ACCIDENT,1,LANE4,21,SMALL,N/A,"Collision detected between vehicles (IDs: 21, 23) in LANE4","(397, 363)"
2026-01-23T18:38:33.914944,ILLEGAL_TURN,3,LANE2,25,SMALL,N/A,Vehicle 25 made illegal turn in LANE2,"(699, 626)"
2026-01-23T18:38:49.163518,ILLEGAL_TURN,1,LANE1,9,SMALL,N/A,Vehicle 9 made illegal turn in LANE1,"(622, 298)"
2026-01-23T18:38:49.834714,ILLEGAL_TURN,2,LANE2,10,SMALL,N/A,Vehicle 10 made illegal turn in LANE2,"(610, 570)"
2026-01-23T18:38:58.152305,ILLEGAL_TURN,1,LANE1,5,SMALL,N/A,Vehicle 5 made illegal turn in LANE1,"(531, 216)"
2026-01-23T18:39:06.554077,ILLEGAL_TURN,2,LANE2,13,SMALL,N/A,Vehicle 13 made illegal turn in LANE2,"(607, 600)"
2026-01-23T18:39:07.334524,ILLEGAL_TURN,3,LANE2,8,MEDIUM,N/A,Vehicle 8 made illegal turn in LANE2,"(707, 653)"
2026-01-23T18:39:07.839534,ILLEGAL_TURN,4,LANE2,26,SMALL,N/A,Vehicle 26 made illegal turn in LANE2,"(686, 466)"
2026-01-23T18:39:07.924078,ILLEGAL_TURN,5,LANE1,27,LARGE,N/A,Vehicle 27 made illegal turn in LANE1,"(704, 297)"
2026-01-23T18:39:08.110820,ILLEGAL_TURN,6,LANE2,28,SMALL,N/A,Vehicle 28 made illegal turn in LANE2,"(662, 604)"
2026-01-23T18:39:12.471050,ILLEGAL_TURN,7,LANE2,32,SMALL,N/A,Vehicle 32 made illegal turn in LANE2,"(593, 444)"
2026-01-23T18:39:12.529724,ILLEGAL_TURN,8,LANE2,35,SMALL,N/A,Vehicle 35 made illegal turn in LANE2,"(631, 522)"
2026-01-23T18:39:13.473732,RED_LIGHT_VIOLATION,9,LANE4,37,SMALL,N/A,Vehicle 37 ran red light in LANE4,"(495, 315)"
2026-01-23T18:39:22.807333,ILLEGAL_TURN,10,LANE1,47,SMALL,N/A,Vehicle 47 made illegal turn in LANE1,"(548, 275)"
2026-01-23T18:39:57.079447,ILLEGAL_TURN,1,LANE2,23,SMALL,N/A,Vehicle 23 made illegal turn in LANE2,"(690, 631)"
2026-01-23T18:39:59.586595,ILLEGAL_TURN,2,LANE1,24,SMALL,N/A,Vehicle 24 made illegal turn in LANE1,"(541, 232)"
2026-01-23T18:40:00.420739,ILLEGAL_TURN,3,LANE2,52,SMALL,N/A,Vehicle 52 made illegal turn in LANE2,"(556, 656)"
2026-01-23T18:40:00.851354,ILLEGAL_TURN,4,LANE2,40,SMALL,N/A,Vehicle 40 made illegal turn in LANE2,"(710, 687)"
2026-01-23T18:40:01.328470,ILLEGAL_TURN,5,LANE2,64,SMALL,N/A,Vehicle 64 made illegal turn in LANE2,"(533, 490)"
2026-01-23T18:40:01.994709,ACCIDENT,1,LANE4,51,SMALL,N/A,"Collision detected between vehicles (IDs: 51, 60) in LANE4","(365, 381)"
2026-01-23T18:40:05.378026,ILLEGAL_TURN,6,LANE2,81,SMALL,N/A,Vehicle 81 made illegal turn in LANE2,"(589, 634)"
2026-01-23T18:40:06.542087,ILLEGAL_TURN,7,LANE2,82,SMALL,N/A,Vehicle 82 made illegal turn in LANE2,"(535, 632)"
2026-01-23T18:40:11.927669,RED_LIGHT_VIOLATION,8,LANE2,102,SMALL,N/A,Vehicle 102 ran red light in LANE2,"(629, 420)"
2026-01-23T18:40:21.645394,ILLEGAL_TURN,9,LANE2,121,SMALL,N/A,Vehicle 121 made illegal turn in LANE2,"(750, 677)"
2026-01-23T18:40:42.579626,ILLEGAL_TURN,10,LANE2,136,SMALL,N/A,Vehicle 136 made illegal turn in LANE2,"(732, 624)"
2026-01-23T18:40:42.667672,ILLEGAL_TURN,11,LANE2,134,SMALL,N/A,Vehicle 134 made illegal turn in LANE2,"(590, 585)"
2026-01-23T18:40:44.038667,ILLEGAL_TURN,12,LANE2,143,SMALL,N/A,Vehicle 143 made illegal turn in LANE2,"(646, 594)"
2026-01-23T18:40:50.310329,ILLEGAL_TURN,13,LANE2,152,SMALL,N/A,Vehicle 152 made illegal turn in LANE2,"(607, 642)"
2026-01-23T18:40:51.695610,ILLEGAL_TURN,14,LANE2,153,SMALL,N/A,Vehicle 153 made illegal turn in LANE2,"(550, 599)"
2026-01-23T18:40:54.144536,ILLEGAL_TURN,15,LANE2,161,SMALL,N/A,Vehicle 161 made illegal turn in LANE2,"(573, 636)"
2026-01-23T18:40:59.958333,ILLEGAL_TURN,16,LANE2,169,SMALL,N/A,Vehicle 169 made illegal turn in LANE2,"(537, 530)"
2026-01-23T18:41:04.175853,ILLEGAL_TURN,17,LANE2,170,SMALL,N/A,Vehicle 170 made illegal turn in LANE2,"(534, 613)"
2026-01-23T18:41:06.086928,ILLEGAL_TURN,18,LANE1,184,SMALL,N/A,Vehicle 184 made illegal turn in LANE1,"(547, 256)"
2026-01-23T18:41:06.363998,ILLEGAL_TURN,19,LANE2,186,SMALL,N/A,Vehicle 186 made illegal turn in LANE2,"(503, 641)"
2026-01-23T18:41:06.932923,ILLEGAL_TURN,20,LANE2,185,SMALL,N/A,Vehicle 185 made illegal turn in LANE2,"(553, 421)"
2026-01-23T18:41:07.017319,RED_LIGHT_VIOLATION,21,LANE2,185,SMALL,N/A,Vehicle 185 ran red light in LANE2,"(557, 420)"
2026-01-23T18:41:07.195033,ILLEGAL_TURN,22,LANE2,183,SMALL,N/A,Vehicle 183 made illegal turn in LANE2,"(741, 709)"
2026-01-23T18:41:09.451161,ILLEGAL_TURN,23,LANE2,189,SMALL,N/A,Vehicle 189 made illegal turn in LANE2,"(515, 557)"
2026-01-23T18:41:19.776479,ILLEGAL_TURN,1,LANE2,4,SMALL,N/A,Vehicle 4 made illegal turn in LANE2,"(740, 684)"
2026-01-23T18:41:20.903043,ILLEGAL_TURN,2,LANE2,5,SMALL,N/A,Vehicle 5 made illegal turn in LANE2,"(564, 431)"
2026-01-23T18:41:27.272625,ILLEGAL_TURN,3,LANE2,14,SMALL,N/A,Vehicle 14 made illegal turn in LANE2,"(551, 433)"
2026-01-23T18:41:29.986060,ILLEGAL_TURN,4,LANE2,17,SMALL,N/A,Vehicle 17 made illegal turn in LANE2,"(740, 685)"
2026-01-23T18:41:40.592067,ILLEGAL_TURN,5,LANE2,33,SMALL,N/A,Vehicle 33 made illegal turn in LANE2,"(648, 609)"
2026-01-23T18:41:43.605804,ILLEGAL_TURN,6,LANE2,35,SMALL,N/A,Vehicle 35 made illegal turn in LANE2,"(766, 674)"
2026-01-23T18:42:14.928964,ILLEGAL_TURN,7,LANE2,43,SMALL,N/A,Vehicle 43 made illegal turn in LANE2,"(745, 657)"
2026-01-23T18:42:17.379040,ILLEGAL_TURN,8,LANE1,50,SMALL,N/A,Vehicle 50 made illegal turn in LANE1,"(566, 291)"
2026-01-23T18:42:17.631112,ILLEGAL_TURN,9,LANE2,49,SMALL,N/A,Vehicle 49 made illegal turn in LANE2,"(556, 436)"
2026-01-23T18:42:25.066843,ILLEGAL_TURN,10,LANE2,61,SMALL,N/A,Vehicle 61 made illegal turn in LANE2,"(709, 689)"
2026-01-23T18:42:31.343766,ILLEGAL_TURN,11,LANE2,72,SMALL,N/A,Vehicle 72 made illegal turn in LANE2,"(551, 613)"
2026-01-23T18:56:47.507120,ACCIDENT,1,LANE2,7,SMALL,N/A,Stopped vehicle(s) detected (IDs: 7) for 0.3s in LANE2,"(541, 589)"
2026-01-28T17:07:35.066752,ACCIDENT,1,LANE4,1,SMALL,N/A,Stopped vehicle(s) detected (IDs: 1) for 0.4s in LANE4,"(347, 414)"
2026-01-29T09:04:08.825839,ACCIDENT,1,LANE2,7,SMALL,N/A,Stopped vehicle(s) detected (IDs: 7) for 0.6s in LANE2,"(671, 435)"
2026-01-29T09:05:11.189254,ACCIDENT,1,LANE3,1,SMALL,N/A,Stopped vehicle(s) detected (IDs: 1) for 0.5s in LANE3,"(1184, 314)"
2026-02-10T12:39:27.014668,ACCIDENT,1,LANE1,2,SMALL,N/A,Stopped vehicle(s) detected (IDs: 2) for 0.3s in LANE1,"(565, 39)"
2026-02-10T12:39:27.279718,ACCIDENT,2,LANE1,11,SMALL,N/A,Stopped vehicle(s) detected (IDs: 11) for 0.4s in LANE1,"(604, 34)"
2026-02-10T12:39:27.644262,ACCIDENT,3,LANE2,12,SMALL,N/A,Stopped vehicle(s) detected (IDs: 12) for 0.4s in LANE2,"(639, 639)"
2026-02-10T12:39:27.803839,ACCIDENT,4,LANE2,13,SMALL,N/A,Stopped vehicle(s) detected (IDs: 13) for 0.4s in LANE2,"(785, 652)"
2026-02-10T12:39:29.112352,ACCIDENT,5,LANE2,8,SMALL,N/A,Stopped vehicle(s) detected (IDs: 8) for 0.4s in LANE2,"(652, 660)"
2026-02-10T12:39:29.630409,ACCIDENT,6,LANE1,18,SMALL,N/A,Stopped vehicle(s) detected (IDs: 18) for 0.4s in LANE1,"(532, 27)"
2026-02-10T12:39:29.908970,ACCIDENT,7,LANE2,20,SMALL,N/A,Stopped vehicle(s) detected (IDs: 20) for 0.4s in LANE2,"(725, 501)"
2026-02-10T12:39:29.908970,ACCIDENT,8,LANE1,21,SMALL,N/A,Stopped vehicle(s) detected (IDs: 21) for 0.4s in LANE1,"(557, 143)"
2026-02-10T12:39:29.987635,ACCIDENT,9,LANE1,7,SMALL,N/A,Stopped vehicle(s) detected (IDs: 7) for 0.4s in LANE1,"(541, 272)"
2026-02-10T12:39:30.028968,ACCIDENT,10,LANE2,6,SMALL,N/A,Stopped vehicle(s) detected (IDs: 6) for 0.4s in LANE2,"(544, 596)"
2026-02-10T12:39:30.480040,ACCIDENT,11,LANE1,26,SMALL,N/A,Stopped vehicle(s) detected (IDs: 26) for 0.4s in LANE1,"(560, 101)"
2026-02-10T12:39:30.796001,ACCIDENT,12,LANE1,27,SMALL,N/A,Stopped vehicle(s) detected (IDs: 27) for 0.4s in LANE1,"(746, 247)"
2026-02-10T12:39:33.391906,ILLEGAL_TURN,1,LANE2,52,SMALL,N/A,Vehicle 52 made illegal turn in LANE2,"(580, 425)"
2026-02-10T12:39:33.832870,ACCIDENT,13,LANE2,32,SMALL,N/A,Stopped vehicle(s) detected (IDs: 32) for 0.4s in LANE2,"(676, 688)"
2026-02-10T12:39:36.939150,ACCIDENT,14,LANE2,33,SMALL,N/A,"Collision detected between vehicles (IDs: 33, 55) in LANE2","(742, 691)"
2026-02-10T12:39:38.013848,ILLEGAL_TURN,2,LANE1,2,SMALL,N/A,Vehicle 2 made illegal turn in LANE1,"(537, 33)"
2026-02-10T12:39:38.009846,ACCIDENT,15,LANE2,58,SMALL,N/A,Stopped vehicle(s) detected (IDs: 58) for 0.4s in LANE2,"(576, 425)"
2026-02-10T12:39:38.290976,ACCIDENT,16,LANE2,52,SMALL,N/A,Stopped vehicle(s) detected (IDs: 52) for 0.4s in LANE2,"(580, 425)"
2026-02-10T12:39:38.428865,ACCIDENT,17,LANE1,30,SMALL,N/A,Stopped vehicle(s) detected (IDs: 30) for 0.4s in LANE1,"(667, 78)"
2026-02-10T12:39:39.916927,ILLEGAL_TURN,3,LANE2,4,SMALL,N/A,Vehicle 4 made illegal turn in LANE2,"(720, 556)"
2026-02-10T12:39:40.200672,ACCIDENT,18,LANE4,62,SMALL,N/A,Stopped vehicle(s) detected (IDs: 62) for 0.4s in LANE4,"(84, 384)"
2026-02-10T12:39:40.624321,ACCIDENT,19,LANE2,35,SMALL,N/A,Stopped vehicle(s) detected (IDs: 35) for 0.5s in LANE2,"(621, 424)"
2026-02-10T12:39:41.484221,ACCIDENT,20,LANE4,67,SMALL,N/A,Stopped vehicle(s) detected (IDs: 67) for 0.5s in LANE4,"(84, 446)"
2026-02-10T12:39:42.084596,ILLEGAL_TURN,4,LANE2,80,SMALL,N/A,Vehicle 80 made illegal turn in LANE2,"(625, 504)"
2026-02-10T12:39:44.647164,ACCIDENT,21,LANE1,77,SMALL,N/A,Stopped vehicle(s) detected (IDs: 77) for 0.5s in LANE1,"(592, 197)"
2026-02-10T12:39:45.714876,ACCIDENT,22,LANE4,83,SMALL,N/A,Stopped vehicle(s) detected (IDs: 83) for 0.5s in LANE4,"(46, 444)"
2026-02-10T12:39:47.350164,ACCIDENT,23,LANE2,43,SMALL,N/A,Stopped vehicle(s) detected (IDs: 43) for 0.5s in LANE2,"(578, 678)"
2026-02-10T12:39:48.183489,ILLEGAL_TURN,5,LANE2,68,SMALL,N/A,Vehicle 68 made illegal turn in LANE2,"(558, 575)"
2026-02-10T12:39:48.778784,ACCIDENT,24,LANE2,80,SMALL,N/A,Stopped vehicle(s) detected (IDs: 80) for 0.5s in LANE2,"(602, 489)"
2026-02-10T12:39:48.778784,ACCIDENT,25,LANE2,91,SMALL,N/A,Stopped vehicle(s) detected (IDs: 91) for 0.5s in LANE2,"(563, 649)"
2026-02-10T12:39:49.659615,ACCIDENT,26,LANE4,96,SMALL,N/A,Stopped vehicle(s) detected (IDs: 96) for 0.5s in LANE4,"(160, 376)"
2026-02-10T12:39:51.283049,ILLEGAL_TURN,6,LANE2,12,SMALL,N/A,Vehicle 12 made illegal turn in LANE2,"(623, 620)"
2026-02-10T12:39:51.011350,ACCIDENT,27,LANE4,94,SMALL,N/A,Stopped vehicle(s) detected (IDs: 94) for 0.5s in LANE4,"(50, 312)"
2026-02-10T12:39:51.081661,ACCIDENT,28,LANE4,72,SMALL,N/A,Stopped vehicle(s) detected (IDs: 72) for 0.5s in LANE4,"(267, 398)"
2026-02-10T12:39:51.542629,ACCIDENT,29,LANE3,99,SMALL,N/A,Stopped vehicle(s) detected (IDs: 99) for 0.4s in LANE3,"(1110, 421)"
2026-02-10T12:39:52.376918,ACCIDENT,30,LANE3,100,SMALL,N/A,Stopped vehicle(s) detected (IDs: 100) for 0.5s in LANE3,"(1214, 367)"
2026-02-10T12:39:52.587822,ACCIDENT,31,LANE2,101,SMALL,N/A,Stopped vehicle(s) detected (IDs: 101) for 0.5s in LANE2,"(559, 562)"
2026-02-10T12:39:53.359350,ACCIDENT,32,LANE2,37,SMALL,N/A,Stopped vehicle(s) detected (IDs: 37) for 0.5s in LANE2,"(552, 546)"
2026-02-10T12:39:56.531056,ACCIDENT,33,LANE1,78,SMALL,N/A,Stopped vehicle(s) detected (IDs: 78) for 0.4s in LANE1,"(531, 173)"
2026-02-10T12:39:58.072014,ACCIDENT,34,LANE2,110,SMALL,N/A,Stopped vehicle(s) detected (IDs: 110) for 0.4s in LANE2,"(626, 563)"
2026-02-10T12:39:58.655013,ACCIDENT,35,LANE3,116,SMALL,N/A,Stopped vehicle(s) detected (IDs: 116) for 0.4s in LANE3,"(1213, 404)"
2026-02-10T12:40:00.183133,ILLEGAL_TURN,7,LANE2,126,SMALL,N/A,Vehicle 126 made illegal turn in LANE2,"(735, 552)"
2026-02-10T12:40:00.680873,ACCIDENT,36,LANE3,40,SMALL,N/A,Stopped vehicle(s) detected (IDs: 40) for 0.4s in LANE3,"(1251, 331)"
2026-02-10T12:40:02.532648,ACCIDENT,37,LANE4,128,SMALL,N/A,Stopped vehicle(s) detected (IDs: 128) for 0.4s in LANE4,"(382, 430)"
2026-02-10T12:40:52.394069,ACCIDENT,1,LANE3,1,SMALL,N/A,Stopped vehicle(s) detected (IDs: 1) for 0.4s in LANE3,"(1095, 432)"
2026-02-10T12:40:54.999218,ACCIDENT,2,LANE4,8,SMALL,N/A,Stopped vehicle(s) detected (IDs: 8) for 0.4s in LANE4,"(177, 356)"
2026-02-10T12:40:55.200137,ACCIDENT,3,LANE1,18,SMALL,N/A,Stopped vehicle(s) detected (IDs: 18) for 0.4s in LANE1,"(741, 241)"
2026-02-10T12:40:56.819576,ACCIDENT,4,LANE1,24,SMALL,N/A,Stopped vehicle(s) detected (IDs: 24) for 0.4s in LANE1,"(687, 51)"
2026-02-10T12:40:58.031001,ACCIDENT,5,LANE1,30,SMALL,N/A,Stopped vehicle(s) detected (IDs: 30) for 0.4s in LANE1,"(778, 23)"
2026-02-10T12:41:01.339918,ACCIDENT,6,LANE4,35,SMALL,N/A,Stopped vehicle(s) detected (IDs: 35) for 0.4s in LANE4,"(293, 442)"
2026-02-10T12:41:01.515301,ACCIDENT,7,LANE4,41,SMALL,N/A,Stopped vehicle(s) detected (IDs: 41) for 0.4s in LANE4,"(252, 383)"
2026-02-10T12:41:02.919726,ACCIDENT,8,LANE2,51,SMALL,N/A,Stopped vehicle(s) detected (IDs: 51) for 0.4s in LANE2,"(750, 602)"
2026-02-10T12:41:03.275156,ACCIDENT,9,LANE2,45,SMALL,N/A,Stopped vehicle(s) detected (IDs: 45) for 0.4s in LANE2,"(732, 604)"
2026-02-10T12:41:03.275156,ACCIDENT,10,LANE2,53,SMALL,N/A,Stopped vehicle(s) detected (IDs: 53) for 0.4s in LANE2,"(659, 566)"
2026-02-10T12:41:03.275156,ACCIDENT,11,LANE4,54,SMALL,N/A,Stopped vehicle(s) detected (IDs: 54) for 0.4s in LANE4,"(36, 300)"
2026-02-10T12:41:03.844022,ILLEGAL_TURN,1,LANE1,24,SMALL,N/A,Vehicle 24 made illegal turn in LANE1,"(643, 63)"
2026-02-10T12:41:03.694436,ACCIDENT,12,LANE1,7,SMALL,N/A,Stopped vehicle(s) detected (IDs: 7) for 0.4s in LANE1,"(725, 293)"
2026-02-10T12:41:03.694436,ACCIDENT,13,LANE3,56,SMALL,N/A,Stopped vehicle(s) detected (IDs: 56) for 0.4s in LANE3,"(780, 308)"
2026-02-10T12:41:04.810358,ACCIDENT,14,LANE2,64,SMALL,N/A,Stopped vehicle(s) detected (IDs: 64) for 0.4s in LANE2,"(606, 545)"
2026-02-10T12:41:04.943632,ACCIDENT,15,LANE4,57,SMALL,N/A,Stopped vehicle(s) detected (IDs: 57) for 0.4s in LANE4,"(75, 351)"
2026-02-10T12:42:48.990561,ACCIDENT,1,LANE2,3,SMALL,N/A,Stopped vehicle(s) detected (IDs: 3) for 0.4s in LANE2,"(746, 700)"
2026-02-10T12:42:52.994459,ACCIDENT,2,LANE1,18,SMALL,N/A,Stopped vehicle(s) detected (IDs: 18) for 0.4s in LANE1,"(532, 32)"
2026-02-10T12:43:01.440331,ACCIDENT,3,LANE2,42,SMALL,N/A,Stopped vehicle(s) detected (IDs: 42) for 0.5s in LANE2,"(650, 700)"
2026-02-10T12:43:02.785901,ACCIDENT,4,LANE2,71,SMALL,N/A,Stopped vehicle(s) detected (IDs: 71) for 0.5s in LANE2,"(749, 497)"
2026-02-10T12:43:03.061765,ACCIDENT,5,LANE2,41,SMALL,N/A,Stopped vehicle(s) detected (IDs: 41) for 0.5s in LANE2,"(722, 571)"
2026-02-10T12:43:03.431926,ACCIDENT,6,LANE4,45,SMALL,N/A,Stopped vehicle(s) detected (IDs: 45) for 0.5s in LANE4,"(176, 405)"
2026-02-10T12:43:03.696980,ACCIDENT,7,LANE1,78,SMALL,N/A,Stopped vehicle(s) detected (IDs: 78) for 0.5s in LANE1,"(563, 22)"
2026-02-10T12:43:04.116654,ACCIDENT,8,LANE3,79,SMALL,N/A,Stopped vehicle(s) detected (IDs: 79) for 0.5s in LANE3,"(1080, 444)"
2026-02-10T12:43:06.517135,ACCIDENT,9,LANE4,86,SMALL,N/A,Stopped vehicle(s) detected (IDs: 86) for 0.4s in LANE4,"(211, 430)"
2026-02-10T12:43:06.517135,ACCIDENT,10,LANE4,87,SMALL,N/A,Stopped vehicle(s) detected (IDs: 87) for 0.4s in LANE4,"(325, 383)"
2026-02-10T12:43:06.849569,ACCIDENT,11,LANE4,21,SMALL,N/A,Stopped vehicle(s) detected (IDs: 21) for 0.5s in LANE4,"(308, 347)"
2026-02-10T12:43:06.849569,ACCIDENT,12,LANE2,89,SMALL,N/A,Stopped vehicle(s) detected (IDs: 89) for 0.5s in LANE2,"(643, 548)"
2026-02-10T12:43:07.004311,ACCIDENT,13,LANE2,90,SMALL,N/A,Stopped vehicle(s) detected (IDs: 90) for 0.5s in LANE2,"(701, 434)"
2026-02-10T12:43:07.797000,ACCIDENT,14,LANE3,47,SMALL,N/A,Stopped vehicle(s) detected (IDs: 47) for 0.5s in LANE3,"(1064, 317)"
2026-02-10T12:43:08.302409,ACCIDENT,15,LANE2,94,SMALL,N/A,Stopped vehicle(s) detected (IDs: 94) for 0.4s in LANE2,"(609, 508)"
2026-02-10T12:43:10.419317,ILLEGAL_TURN,1,LANE2,103,SMALL,N/A,Vehicle 103 made illegal turn in LANE2,"(521, 600)"
2026-02-10T12:43:12.166398,ACCIDENT,16,LANE1,77,SMALL,N/A,"Collision detected between vehicles (IDs: 77, 108) in LANE1","(740, 92)"
2026-02-10T12:43:12.404370,ACCIDENT,17,LANE1,98,SMALL,N/A,Stopped vehicle(s) detected (IDs: 98) for 0.4s in LANE1,"(677, 191)"
2026-02-10T12:43:12.684464,ACCIDENT,18,LANE1,97,SMALL,N/A,Stopped vehicle(s) detected (IDs: 97) for 0.4s in LANE1,"(744, 263)"
2026-02-10T12:43:13.028639,ACCIDENT,19,LANE2,103,SMALL,N/A,Stopped vehicle(s) detected (IDs: 103) for 0.4s in LANE2,"(521, 600)"
2026-02-10T12:43:13.074922,ACCIDENT,20,LANE3,34,SMALL,N/A,Stopped vehicle(s) detected (IDs: 34) for 0.4s in LANE3,"(801, 415)"
2026-02-10T12:43:14.456115,ILLEGAL_TURN,2,LANE1,112,SMALL,N/A,Vehicle 112 made illegal turn in LANE1,"(621, 84)"
2026-02-10T12:43:14.645838,ILLEGAL_TURN,3,LANE2,94,SMALL,N/A,Vehicle 94 made illegal turn in LANE2,"(587, 503)"
2026-02-10T12:43:16.186832,ILLEGAL_TURN,4,LANE1,68,SMALL,N/A,Vehicle 68 made illegal turn in LANE1,"(708, 93)"
2026-02-10T12:43:17.058687,ILLEGAL_TURN,5,LANE2,19,SMALL,N/A,Vehicle 19 made illegal turn in LANE2,"(598, 511)"
2026-02-10T12:43:18.437057,ACCIDENT,21,LANE2,76,SMALL,N/A,Stopped vehicle(s) detected (IDs: 76) for 0.4s in LANE2,"(689, 586)"
2026-02-10T12:43:21.231275,ACCIDENT,22,LANE2,123,SMALL,N/A,Stopped vehicle(s) detected (IDs: 123) for 0.4s in LANE2,"(537, 486)"
2026-02-10T12:43:21.493683,ACCIDENT,23,LANE1,112,SMALL,N/A,Stopped vehicle(s) detected (IDs: 112) for 0.4s in LANE1,"(613, 84)"
2026-02-10T12:43:23.145704,ACCIDENT,24,LANE1,126,SMALL,N/A,Stopped vehicle(s) detected (IDs: 126) for 0.4s in LANE1,"(543, 206)"
2026-02-10T12:43:31.311345,ACCIDENT,25,LANE4,133,SMALL,N/A,Stopped vehicle(s) detected (IDs: 133) for 0.4s in LANE4,"(19, 303)"
2026-02-10T12:44:18.590381,ACCIDENT,1,LANE1,3,SMALL,N/A,Stopped vehicle(s) detected (IDs: 3) for 0.4s in LANE1,"(516, 41)"
2026-02-10T12:44:19.382728,ACCIDENT,2,LANE1,6,SMALL,N/A,Stopped vehicle(s) detected (IDs: 6) for 0.4s in LANE1,"(547, 75)"
2026-02-10T12:44:19.700457,ACCIDENT,3,LANE1,7,SMALL,N/A,Stopped vehicle(s) detected (IDs: 7) for 0.4s in LANE1,"(593, 88)"
2026-02-10T12:45:03.132202,ACCIDENT,1,LANE2,13,SMALL,N/A,Stopped vehicle(s) detected (IDs: 13) for 0.4s in LANE2,"(763, 698)"
2026-02-10T12:45:03.696985,ACCIDENT,2,LANE3,17,SMALL,N/A,Stopped vehicle(s) detected (IDs: 17) for 0.3s in LANE3,"(1100, 403)"
2026-02-10T12:47:25.917335,ACCIDENT,1,LANE4,2,SMALL,N/A,Stopped vehicle(s) detected (IDs: 2) for 0.3s in LANE4,"(65, 318)"
2026-02-10T12:48:32.002476,ACCIDENT,2,LANE4,4,SMALL,N/A,Stopped vehicle(s) detected (IDs: 4) for 0.3s in LANE4,"(54, 320)"
2026-02-10T12:48:45.598405,ACCIDENT,3,LANE4,5,SMALL,N/A,Stopped vehicle(s) detected (IDs: 5) for 0.3s in LANE4,"(142, 346)"
2026-02-10T12:50:13.063136,ACCIDENT,4,LANE4,31,SMALL,N/A,Stopped vehicle(s) detected (IDs: 31) for 0.3s in LANE4,"(61, 315)"
2026-02-10T12:50:20.231011,ACCIDENT,5,LANE4,29,SMALL,N/A,Stopped vehicle(s) detected (IDs: 29) for 0.3s in LANE4,"(250, 428)"
2026-02-10T12:50:23.900363,ACCIDENT,6,LANE4,37,SMALL,N/A,Stopped vehicle(s) detected (IDs: 37) for 0.3s in LANE4,"(207, 430)"
2026-02-10T12:50:44.684725,ACCIDENT,7,LANE4,46,SMALL,N/A,Stopped vehicle(s) detected (IDs: 46) for 0.4s in LANE4,"(407, 342)"
2026-02-10T12:50:47.894851,ACCIDENT,8,LANE3,66,SMALL,N/A,Stopped vehicle(s) detected (IDs: 66) for 0.4s in LANE3,"(835, 350)"
2026-02-10T12:50:53.036799,ACCIDENT,9,LANE4,38,SMALL,N/A,Stopped vehicle(s) detected (IDs: 38) for 0.5s in LANE4,"(36, 461)"
2026-02-10T12:50:57.855385,ACCIDENT,10,LANE2,108,SMALL,N/A,Stopped vehicle(s) detected (IDs: 108) for 0.4s in LANE2,"(575, 621)"
2026-02-10T12:50:58.577711,ACCIDENT,11,LANE3,111,SMALL,N/A,Stopped vehicle(s) detected (IDs: 111) for 0.4s in LANE3,"(959, 419)"
2026-02-10T12:50:59.176608,ACCIDENT,12,LANE3,86,SMALL,N/A,Stopped vehicle(s) detected (IDs: 86) for 0.4s in LANE3,"(805, 423)"
2026-02-10T12:51:00.724952,ACCIDENT,13,LANE3,90,SMALL,N/A,"Collision detected between vehicles (IDs: 90, 94) in LANE3","(1056, 289)"
2026-02-10T12:51:05.096507,ACCIDENT,14,LANE3,121,SMALL,N/A,Stopped vehicle(s) detected (IDs: 121) for 0.4s in LANE3,"(1239, 422)"
2026-02-10T12:51:06.942637,ACCIDENT,15,LANE2,128,SMALL,N/A,Stopped vehicle(s) detected (IDs: 128) for 0.4s in LANE2,"(611, 611)"
2026-02-10T12:51:08.709411,ACCIDENT,16,LANE4,137,SMALL,N/A,Stopped vehicle(s) detected (IDs: 137) for 0.4s in LANE4,"(35, 474)"
2026-02-10T12:51:09.579586,ACCIDENT,17,LANE3,138,SMALL,N/A,Stopped vehicle(s) detected (IDs: 138) for 0.4s in LANE3,"(1127, 299)"
2026-02-10T12:51:09.579586,ACCIDENT,18,LANE1,140,SMALL,N/A,Stopped vehicle(s) detected (IDs: 140) for 0.4s in LANE1,"(571, 34)"
2026-02-10T12:51:09.774843,ACCIDENT,19,LANE1,142,SMALL,N/A,Stopped vehicle(s) detected (IDs: 142) for 0.4s in LANE1,"(582, 96)"
2026-02-10T12:51:11.566016,ACCIDENT,20,LANE1,150,SMALL,N/A,Stopped vehicle(s) detected (IDs: 150) for 0.5s in LANE1,"(679, 294)"
2026-02-10T12:51:11.865713,ACCIDENT,21,LANE3,152,SMALL,N/A,Stopped vehicle(s) detected (IDs: 152) for 0.5s in LANE3,"(1232, 472)"
2026-02-10T12:51:14.734203,ILLEGAL_TURN,1,LANE1,64,SMALL,N/A,Vehicle 64 made illegal turn in LANE1,"(574, 293)"
2026-02-10T12:51:15.756601,ILLEGAL_TURN,2,LANE1,84,SMALL,N/A,Vehicle 84 made illegal turn in LANE1,"(649, 41)"
2026-02-10T12:51:18.993491,ACCIDENT,22,LANE1,171,SMALL,N/A,Stopped vehicle(s) detected (IDs: 171) for 0.5s in LANE1,"(650, 16)"
2026-02-10T12:51:20.447417,ACCIDENT,23,LANE2,156,SMALL,N/A,Stopped vehicle(s) detected (IDs: 156) for 0.5s in LANE2,"(647, 590)"
2026-02-10T12:51:20.447417,ACCIDENT,24,LANE3,163,SMALL,N/A,Stopped vehicle(s) detected (IDs: 163) for 0.5s in LANE3,"(843, 367)"
2026-02-10T12:51:22.351303,ACCIDENT,25,LANE4,189,SMALL,N/A,Stopped vehicle(s) detected (IDs: 189) for 0.5s in LANE4,"(99, 457)"
2026-02-10T12:51:22.998508,ACCIDENT,26,LANE3,168,SMALL,N/A,Stopped vehicle(s) detected (IDs: 168) for 0.5s in LANE3,"(1039, 450)"
2026-02-10T12:51:23.101116,ACCIDENT,27,LANE1,99,SMALL,N/A,Stopped vehicle(s) detected (IDs: 99) for 0.5s in LANE1,"(715, 44)"
2026-02-10T12:51:23.373358,ACCIDENT,28,LANE3,187,SMALL,N/A,Stopped vehicle(s) detected (IDs: 187) for 0.5s in LANE3,"(994, 281)"
2026-02-10T12:51:23.536877,ACCIDENT,29,LANE4,197,SMALL,N/A,Stopped vehicle(s) detected (IDs: 197) for 0.5s in LANE4,"(468, 323)"
2026-02-10T12:51:23.913259,ACCIDENT,30,LANE2,185,SMALL,N/A,Stopped vehicle(s) detected (IDs: 185) for 0.5s in LANE2,"(547, 617)"
2026-02-10T12:51:26.430187,ACCIDENT,31,LANE1,201,SMALL,N/A,Stopped vehicle(s) detected (IDs: 201) for 0.5s in LANE1,"(622, 149)"
2026-02-10T12:51:27.019258,ACCIDENT,32,LANE3,136,SMALL,N/A,Stopped vehicle(s) detected (IDs: 136) for 0.5s in LANE3,"(1041, 437)"
2026-02-10T12:51:30.022620,ILLEGAL_TURN,3,LANE1,201,SMALL,N/A,Vehicle 201 made illegal turn in LANE1,"(603, 150)"
2026-02-10T12:51:31.223413,ACCIDENT,33,LANE3,180,SMALL,N/A,"Collision detected between vehicles (IDs: 180, 183) in LANE3","(1130, 445)"
2026-02-10T12:51:34.302137,ACCIDENT,34,LANE2,215,SMALL,N/A,Stopped vehicle(s) detected (IDs: 215) for 0.4s in LANE2,"(660, 509)"
2026-02-10T12:51:34.940645,ACCIDENT,35,LANE2,216,SMALL,N/A,Stopped vehicle(s) detected (IDs: 216) for 0.4s in LANE2,"(624, 433)"
2026-02-10T12:51:34.987243,ACCIDENT,36,LANE4,117,SMALL,N/A,Stopped vehicle(s) detected (IDs: 117) for 0.4s in LANE4,"(443, 303)"
2026-02-10T12:51:35.907655,ACCIDENT,37,LANE2,172,SMALL,N/A,"Collision detected between vehicles (IDs: 172, 222) in LANE2","(667, 647)"
2026-02-10T12:51:36.301094,ACCIDENT,38,LANE2,213,SMALL,N/A,Stopped vehicle(s) detected (IDs: 213) for 0.4s in LANE2,"(647, 512)"
2026-02-10T12:51:37.394132,RED_LIGHT_VIOLATION,4,LANE2,210,SMALL,N/A,Vehicle 210 ran red light in LANE2,"(634, 420)"
2026-02-10T12:51:37.018478,ACCIDENT,39,LANE1,84,SMALL,N/A,Stopped vehicle(s) detected (IDs: 84) for 0.4s in LANE1,"(630, 32)"
2026-02-10T12:51:37.877840,ACCIDENT,40,LANE1,205,SMALL,N/A,Stopped vehicle(s) detected (IDs: 205) for 0.5s in LANE1,"(531, 116)"
2026-02-10T12:51:38.855900,ACCIDENT,41,LANE2,223,SMALL,N/A,Stopped vehicle(s) detected (IDs: 223) for 0.4s in LANE2,"(713, 529)"
2026-02-10T12:51:39.953364,ACCIDENT,42,LANE4,160,SMALL,N/A,Stopped vehicle(s) detected (IDs: 160) for 0.4s in LANE4,"(29, 377)"
2026-02-10T12:51:42.081933,ACCIDENT,43,LANE4,229,SMALL,N/A,Stopped vehicle(s) detected (IDs: 229) for 0.4s in LANE4,"(500, 402)"
2026-02-10T12:57:41.869774,ACCIDENT,1,LANE1,2,SMALL,N/A,Stopped vehicle(s) detected (IDs: 2) for 0.4s in LANE1,"(563, 105)"
2026-02-10T12:58:13.383818,ACCIDENT,2,LANE1,9,SMALL,N/A,Stopped vehicle(s) detected (IDs: 9) for 0.3s in LANE1,"(510, 57)"
2026-02-10T12:58:18.990267,ACCIDENT,3,LANE4,10,SMALL,N/A,Stopped vehicle(s) detected (IDs: 10) for 0.4s in LANE4,"(121, 455)"
2026-02-10T12:58:19.512052,ACCIDENT,4,LANE4,16,SMALL,N/A,Stopped vehicle(s) detected (IDs: 16) for 0.3s in LANE4,"(203, 341)"
2026-02-10T12:58:19.780171,ACCIDENT,5,LANE4,12,SMALL,N/A,Stopped vehicle(s) detected (IDs: 12) for 0.4s in LANE4,"(448, 320)"
2026-02-10T12:58:22.746559,ACCIDENT,6,LANE1,36,SMALL,N/A,Stopped vehicle(s) detected (IDs: 36) for 0.3s in LANE1,"(577, 207)"
2026-02-10T12:58:23.165968,ACCIDENT,7,LANE4,39,SMALL,N/A,Stopped vehicle(s) detected (IDs: 39) for 0.4s in LANE4,"(206, 289)"
2026-02-10T12:58:31.686389,ACCIDENT,8,LANE3,13,SMALL,N/A,Stopped vehicle(s) detected (IDs: 13) for 0.4s in LANE3,"(1045, 404)"
2026-02-10T12:58:38.231909,ACCIDENT,9,LANE2,67,SMALL,N/A,Stopped vehicle(s) detected (IDs: 67) for 0.4s in LANE2,"(568, 524)"
2026-02-10T12:58:38.810803,ACCIDENT,10,LANE2,71,SMALL,N/A,Stopped vehicle(s) detected (IDs: 71) for 0.4s in LANE2,"(607, 694)"
2026-02-10T12:58:40.640154,ACCIDENT,11,LANE3,79,SMALL,N/A,Stopped vehicle(s) detected (IDs: 79) for 0.4s in LANE3,"(1187, 442)"
2026-02-10T12:58:41.374552,ACCIDENT,12,LANE4,81,SMALL,N/A,Stopped vehicle(s) detected (IDs: 81) for 0.4s in LANE4,"(336, 282)"
2026-02-10T12:58:48.718694,ILLEGAL_TURN,1,LANE1,85,SMALL,N/A,Vehicle 85 made illegal turn in LANE1,"(602, 227)"
2026-02-10T12:58:51.643028,ACCIDENT,13,LANE1,106,SMALL,N/A,Stopped vehicle(s) detected (IDs: 106) for 0.4s in LANE1,"(597, 291)"
2026-02-10T12:58:52.018268,ACCIDENT,14,LANE3,45,SMALL,N/A,Stopped vehicle(s) detected (IDs: 45) for 0.4s in LANE3,"(1254, 336)"
2026-02-10T12:58:52.286525,ACCIDENT,15,LANE1,107,SMALL,N/A,Stopped vehicle(s) detected (IDs: 107) for 0.4s in LANE1,"(627, 229)"
2026-02-10T12:58:53.090039,ACCIDENT,16,LANE2,110,SMALL,N/A,Stopped vehicle(s) detected (IDs: 110) for 0.4s in LANE2,"(618, 696)"
2026-02-10T12:58:54.657501,ACCIDENT,17,LANE2,94,SMALL,N/A,Stopped vehicle(s) detected (IDs: 94) for 0.4s in LANE2,"(776, 666)"
2026-02-10T12:58:56.849113,ACCIDENT,18,LANE1,118,SMALL,N/A,Stopped vehicle(s) detected (IDs: 118) for 0.4s in LANE1,"(617, 179)"
2026-02-10T12:58:58.184031,ACCIDENT,19,LANE1,126,SMALL,N/A,Stopped vehicle(s) detected (IDs: 126) for 0.4s in LANE1,"(568, 95)"
2026-02-10T12:58:58.377847,ACCIDENT,20,LANE1,125,SMALL,N/A,Stopped vehicle(s) detected (IDs: 125) for 0.5s in LANE1,"(713, 54)"
2026-02-10T12:58:58.473220,ACCIDENT,21,LANE3,132,SMALL,N/A,Stopped vehicle(s) detected (IDs: 132) for 0.5s in LANE3,"(983, 409)"
2026-02-10T12:58:58.723229,ACCIDENT,22,LANE1,80,SMALL,N/A,"Collision detected between vehicles (IDs: 80, 119) in LANE1","(661, 76)"
2026-02-10T12:58:59.174361,ACCIDENT,23,LANE2,114,SMALL,N/A,Stopped vehicle(s) detected (IDs: 114) for 0.5s in LANE2,"(734, 449)"
2026-02-10T12:58:59.174361,ACCIDENT,24,LANE2,123,SMALL,N/A,Stopped vehicle(s) detected (IDs: 123) for 0.5s in LANE2,"(554, 676)"
2026-02-10T12:58:59.174361,ACCIDENT,25,LANE2,139,SMALL,N/A,Stopped vehicle(s) detected (IDs: 139) for 0.5s in LANE2,"(723, 647)"
2026-02-10T12:59:00.293851,ACCIDENT,26,LANE3,144,SMALL,N/A,Stopped vehicle(s) detected (IDs: 144) for 0.5s in LANE3,"(1257, 375)"
2026-02-10T12:59:02.003162,ACCIDENT,27,LANE2,149,SMALL,N/A,Stopped vehicle(s) detected (IDs: 149) for 0.5s in LANE2,"(751, 696)"
2026-02-10T12:59:02.003162,ACCIDENT,28,LANE2,150,SMALL,N/A,Stopped vehicle(s) detected (IDs: 150) for 0.5s in LANE2,"(743, 612)"
2026-02-10T12:59:03.016066,ACCIDENT,29,LANE2,92,SMALL,N/A,Stopped vehicle(s) detected (IDs: 92) for 0.5s in LANE2,"(682, 555)"
2026-02-10T12:59:04.186841,ACCIDENT,30,LANE4,154,SMALL,N/A,Stopped vehicle(s) detected (IDs: 154) for 0.5s in LANE4,"(455, 384)"
2026-02-10T12:59:04.998468,ACCIDENT,31,LANE4,163,SMALL,N/A,Stopped vehicle(s) detected (IDs: 163) for 0.5s in LANE4,"(329, 298)"
2026-02-10T12:59:05.105620,ACCIDENT,32,LANE3,164,SMALL,N/A,Stopped vehicle(s) detected (IDs: 164) for 0.5s in LANE3,"(1241, 412)"
2026-02-10T12:59:05.678675,ACCIDENT,33,LANE1,167,SMALL,N/A,Stopped vehicle(s) detected (IDs: 167) for 0.5s in LANE1,"(568, 218)"
2026-02-10T12:59:06.059054,ACCIDENT,34,LANE4,168,SMALL,N/A,Stopped vehicle(s) detected (IDs: 168) for 0.5s in LANE4,"(334, 357)"
2026-02-10T12:59:07.577225,ACCIDENT,35,LANE1,137,SMALL,N/A,Stopped vehicle(s) detected (IDs: 137) for 0.5s in LANE1,"(594, 226)"
2026-02-10T13:07:25.970556,ACCIDENT,1,LANE2,3,SMALL,N/A,Stopped vehicle(s) detected (IDs: 3) for 0.7s in LANE2,"(741, 453)"
2026-02-10T13:07:28.084817,ACCIDENT,2,LANE1,5,SMALL,N/A,Stopped vehicle(s) detected (IDs: 5) for 0.7s in LANE1,"(615, 238)"
2026-02-10T13:07:29.075703,ACCIDENT,3,LANE3,6,SMALL,N/A,Stopped vehicle(s) detected (IDs: 6) for 0.6s in LANE3,"(1185, 436)"
2026-02-10T13:07:32.789021,ACCIDENT,4,LANE2,8,SMALL,N/A,Stopped vehicle(s) detected (IDs: 8) for 1.0s in LANE2,"(604, 653)"
2026-02-10T13:07:32.935583,ACCIDENT,5,LANE1,9,SMALL,N/A,Stopped vehicle(s) detected (IDs: 9) for 1.0s in LANE1,"(716, 219)"
2026-02-10T13:07:41.672140,ILLEGAL_TURN,1,LANE1,9,SMALL,N/A,Vehicle 9 made illegal turn in LANE1,"(707, 226)"
2026-02-10T13:07:41.875045,ACCIDENT,6,LANE3,24,SMALL,N/A,Stopped vehicle(s) detected (IDs: 24) for 0.6s in LANE3,"(883, 382)"
2026-02-10T13:07:42.276191,ACCIDENT,7,LANE2,20,SMALL,N/A,Stopped vehicle(s) detected (IDs: 20) for 0.7s in LANE2,"(735, 618)"
2026-02-10T13:07:45.443524,ACCIDENT,8,LANE4,13,SMALL,N/A,Stopped vehicle(s) detected (IDs: 13) for 0.8s in LANE4,"(135, 397)"
2026-02-10T13:08:27.842227,ACCIDENT,1,LANE1,13,SMALL,N/A,Stopped vehicle(s) detected (IDs: 13) for 0.4s in LANE1,"(685, 192)"
2026-02-10T13:08:32.483632,ACCIDENT,2,LANE2,18,SMALL,N/A,Stopped vehicle(s) detected (IDs: 18) for 0.4s in LANE2,"(686, 597)"
2026-02-10T13:08:38.510794,ACCIDENT,3,LANE2,19,SMALL,N/A,Stopped vehicle(s) detected (IDs: 19) for 2.6s in LANE2,"(588, 434)"
2026-02-10T13:08:38.510794,ACCIDENT,4,LANE1,20,SMALL,N/A,Stopped vehicle(s) detected (IDs: 20) for 2.6s in LANE1,"(747, 220)"
2026-02-10T13:08:39.036564,ACCIDENT,5,LANE2,22,SMALL,N/A,Stopped vehicle(s) detected (IDs: 22) for 2.2s in LANE2,"(637, 658)"
2026-02-10T13:08:48.313126,ILLEGAL_TURN,1,LANE2,23,SMALL,N/A,Vehicle 23 made illegal turn in LANE2,"(701, 573)"
2026-02-10T13:09:31.883974,ACCIDENT,1,LANE2,1,SMALL,N/A,Stopped vehicle(s) detected (IDs: 1) for 0.7s in LANE2,"(699, 524)"
2026-02-10T13:10:05.559738,ACCIDENT,1,LANE2,1,SMALL,N/A,Stopped vehicle(s) detected (IDs: 1) for 0.7s in LANE2,"(717, 675)"
2026-02-10T13:27:21.905225,ACCIDENT,1,LANE1,12,SMALL,N/A,Stopped vehicle(s) detected (IDs: 12) for 0.3s in LANE1,"(617, 98)"
2026-02-10T13:33:41.853673,ACCIDENT,1,LANE4,14,SMALL,N/A,"Collision detected between vehicles (IDs: 14, 15) in LANE4","(318, 317)"
2026-02-10T14:07:09.937136,ILLEGAL_TURN,1,LANE2,23,MEDIUM,N/A,Vehicle 23 made illegal turn in LANE2,"(507, 676)"
2026-02-10T14:08:03.116317,ILLEGAL_TURN,2,LANE2,34,MEDIUM,N/A,Vehicle 34 made illegal turn in LANE2,"(629, 429)"
2026-02-10T14:08:03.304066,ILLEGAL_TURN,3,LANE2,33,SMALL,N/A,Vehicle 33 made illegal turn in LANE2,"(591, 572)"
2026-02-10T14:09:19.104019,ILLEGAL_TURN,4,LANE2,57,SMALL,N/A,Vehicle 57 made illegal turn in LANE2,"(600, 677)"
2026-02-10T14:09:47.444476,ILLEGAL_TURN,5,LANE2,67,MEDIUM,N/A,Vehicle 67 made illegal turn in LANE2,"(666, 598)"
2026-02-10T14:10:42.567662,ILLEGAL_TURN,6,LANE2,78,SMALL,N/A,Vehicle 78 made illegal turn in LANE2,"(633, 653)"
2026-02-10T14:10:47.463181,ILLEGAL_TURN,7,LANE2,80,SMALL,N/A,Vehicle 80 made illegal turn in LANE2,"(652, 644)"
2026-02-10T14:10:47.697784,ILLEGAL_TURN,8,LANE2,79,SMALL,N/A,Vehicle 79 made illegal turn in LANE2,"(650, 514)"
2026-02-10T14:10:47.790710,ILLEGAL_TURN,9,LANE2,81,SMALL,N/A,Vehicle 81 made illegal turn in LANE2,"(609, 614)"
2026-02-10T14:12:29.721837,ILLEGAL_TURN,10,LANE2,101,MEDIUM,N/A,Vehicle 101 made illegal turn in LANE2,"(672, 619)"
2026-02-10T14:12:30.990304,ILLEGAL_TURN,11,LANE1,108,SMALL,N/A,Vehicle 108 made illegal turn in LANE1,"(616, 96)"
2026-02-10T14:12:31.083638,ILLEGAL_TURN,12,LANE1,116,SMALL,N/A,Vehicle 116 made illegal turn in LANE1,"(597, 93)"
2026-02-10T14:12:31.663671,ILLEGAL_TURN,13,LANE1,109,SMALL,N/A,Vehicle 109 made illegal turn in LANE1,"(496, 95)"
2026-02-10T14:12:31.710386,ILLEGAL_TURN,14,LANE2,100,MEDIUM,N/A,Vehicle 100 made illegal turn in LANE2,"(532, 633)"
2026-02-10T14:13:17.317268,ILLEGAL_TURN,1,LANE1,5,MEDIUM,N/A,Vehicle 5 made illegal turn in LANE1,"(663, 99)"
2026-02-10T14:13:18.465366,ILLEGAL_TURN,2,LANE1,6,MEDIUM,N/A,Vehicle 6 made illegal turn in LANE1,"(530, 100)"
2026-02-10T14:13:18.683670,ILLEGAL_TURN,3,LANE2,13,LARGE,N/A,Vehicle 13 made illegal turn in LANE2,"(666, 563)"
2026-02-10T14:13:19.007178,ILLEGAL_TURN,4,LANE1,8,MEDIUM,N/A,Vehicle 8 made illegal turn in LANE1,"(600, 98)"
2026-02-10T14:13:23.403611,ILLEGAL_TURN,5,LANE1,16,SMALL,N/A,Vehicle 16 made illegal turn in LANE1,"(616, 35)"
2026-02-10T14:16:51.434454,ILLEGAL_TURN,1,LANE1,3,MEDIUM,N/A,Vehicle 3 made illegal turn in LANE1,"(600, 92)"
2026-02-10T14:16:52.124919,ILLEGAL_TURN,2,LANE2,16,SMALL,N/A,Vehicle 16 made illegal turn in LANE2,"(684, 685)"
2026-02-10T14:16:52.524728,ILLEGAL_TURN,3,LANE2,14,SMALL,N/A,Vehicle 14 made illegal turn in LANE2,"(551, 631)"
2026-02-10T14:16:52.604424,ILLEGAL_TURN,4,LANE2,5,SMALL,N/A,Vehicle 5 made illegal turn in LANE2,"(498, 546)"
2026-02-10T14:16:54.859501,ILLEGAL_TURN,5,LANE2,9,SMALL,N/A,Vehicle 9 made illegal turn in LANE2,"(554, 625)"
2026-02-10T14:17:01.867354,ILLEGAL_TURN,6,LANE2,18,SMALL,N/A,Vehicle 18 made illegal turn in LANE2,"(482, 576)"
2026-02-10T14:17:01.867354,ILLEGAL_TURN,7,LANE2,25,MEDIUM,N/A,Vehicle 25 made illegal turn in LANE2,"(683, 674)"
2026-02-10T14:17:03.851966,ILLEGAL_TURN,8,LANE2,21,SMALL,N/A,Vehicle 21 made illegal turn in LANE2,"(692, 422)"
2026-02-10T14:17:05.467589,ILLEGAL_TURN,9,LANE2,30,LARGE,N/A,Vehicle 30 made illegal turn in LANE2,"(694, 500)"
2026-02-10T14:28:17.646199,RED_LIGHT_VIOLATION,1,LANE2,178,SMALL,N/A,Vehicle 178 ran red light in LANE2,"(539, 420)"
2026-02-10T14:29:54.377835,ACCIDENT,1,LANE4,95,SMALL,N/A,"Collision detected between vehicles (IDs: 95, 97) in LANE4","(323, 301)"
2026-02-10T14:29:54.457734,ACCIDENT,2,LANE4,98,SMALL,N/A,"Collision detected between vehicles (IDs: 98, 99) in LANE4","(383, 308)"
2026-02-10T14:30:07.729300,ACCIDENT,1,LANE4,1,SMALL,N/A,"Collision detected between vehicles (IDs: 1, 2) in LANE4","(398, 299)"
2026-02-10T14:30:20.360484,ACCIDENT,1,LANE4,184,SMALL,N/A,"Collision detected between vehicles (IDs: 184, 191) in LANE4","(263, 243)"
2026-02-10T17:30:08.113996,RED_LIGHT_VIOLATION,1,LANE4,11,SMALL,N/A,Vehicle 11 ran red light in LANE4,"(479, 390)"
2026-02-11T08:43:40.815532,RED_LIGHT_VIOLATION,1,LANE4,215,SMALL,N/A,Vehicle 215 ran red light in LANE4,"(438, 202)"
2026-02-14T16:21:15.186590,RED_LIGHT_VIOLATION,1,LANE4,45,SMALL,N/A,Vehicle 45 ran red light in LANE4,"(479, 279)"
2026-02-14T16:21:20.002653,RED_LIGHT_VIOLATION,2,LANE4,101,SMALL,N/A,Vehicle 101 ran red light in LANE4,"(480, 278)"
2026-02-14T16:21:21.506652,RED_LIGHT_VIOLATION,3,LANE4,95,SMALL,N/A,Vehicle 95 ran red light in LANE4,"(470, 401)"
2026-02-14T16:21:26.930487,RED_LIGHT_VIOLATION,4,LANE4,148,SMALL,N/A,Vehicle 148 ran red light in LANE4,"(480, 274)"
2026-02-14T16:21:29.330296,RED_LIGHT_VIOLATION,5,LANE2,80,SMALL,N/A,Vehicle 80 ran red light in LANE2,"(607, 420)"
2026-02-14T16:21:29.633634,RED_LIGHT_VIOLATION,6,LANE4,136,SMALL,N/A,Vehicle 136 ran red light in LANE4,"(480, 274)"
2026-02-14T16:21:36.754259,RED_LIGHT_VIOLATION,7,LANE4,177,SMALL,N/A,Vehicle 177 ran red light in LANE4,"(451, 412)"
2026-02-14T16:21:39.666472,RED_LIGHT_VIOLATION,8,LANE4,231,SMALL,N/A,Vehicle 231 ran red light in LANE4,"(480, 414)"
2026-02-14T16:21:43.587951,RED_LIGHT_VIOLATION,9,LANE4,280,SMALL,N/A,Vehicle 280 ran red light in LANE4,"(480, 266)"
2026-02-14T16:22:58.662149,RED_LIGHT_VIOLATION,10,LANE2,456,LARGE,N/A,Vehicle 456 ran red light in LANE2,"(537, 420)"
2026-02-14T16:22:59.062063,RED_LIGHT_VIOLATION,11,LANE4,472,SMALL,N/A,Vehicle 472 ran red light in LANE4,"(475, 402)"
2026-02-14T16:23:09.012753,RED_LIGHT_VIOLATION,12,LANE4,487,SMALL,N/A,Vehicle 487 ran red light in LANE4,"(472, 413)"
2026-02-14T18:03:21.730440,ACCIDENT,1,LANE4,89,SMALL,N/A,"Collision detected between vehicles (IDs: 89, 90) in LANE4","(343, 303)"
2026-02-14T18:03:52.706459,RED_LIGHT_VIOLATION,1,LANE4,298,SMALL,N/A,Vehicle 298 ran red light in LANE4,"(480, 303)"
2026-02-14T18:03:54.387697,RED_LIGHT_VIOLATION,2,LANE4,305,SMALL,N/A,Vehicle 305 ran red light in LANE4,"(480, 303)"
2026-02-14T18:04:00.512321,ACCIDENT,2,LANE1,308,LARGE,N/A,"Collision detected between vehicles (IDs: 308, 315) in LANE1","(603, 92)"
2026-02-14T18:04:06.532865,RED_LIGHT_VIOLATION,3,LANE4,369,SMALL,N/A,Vehicle 369 ran red light in LANE4,"(480, 303)"
2026-02-14T18:05:31.372510,ACCIDENT,1,LANE1,28,MEDIUM,N/A,"Collision detected between vehicles (IDs: 28, 38) in LANE1","(594, 92)"
2026-02-14T18:05:31.805377,ACCIDENT,2,LANE4,50,SMALL,N/A,"Collision detected between vehicles (IDs: 50, 51) in LANE4","(292, 306)"
2026-02-14T18:05:52.877849,ACCIDENT,3,LANE4,171,LARGE,N/A,"Collision detected between vehicles (IDs: 171, 185) in LANE4","(293, 307)"
2026-02-14T18:06:57.869359,ACCIDENT,4,LANE4,189,SMALL,N/A,"Collision detected between vehicles (IDs: 189, 210) in LANE4","(369, 378)"
2026-02-14T18:07:25.277623,ACCIDENT,5,LANE4,360,MEDIUM,N/A,"Collision detected between vehicles (IDs: 360, 361) in LANE4","(293, 309)"
2026-02-14T18:07:43.644383,ACCIDENT,6,LANE1,383,SMALL,N/A,"Collision detected between vehicles (IDs: 383, 385) in LANE1","(530, 151)"
2026-02-14T18:07:44.427404,ACCIDENT,7,LANE1,378,SMALL,N/A,"Collision detected between vehicles (IDs: 378, 394) in LANE1","(534, 84)"
2026-02-14T18:07:46.763786,ACCIDENT,8,LANE1,389,SMALL,N/A,"Collision detected between vehicles (IDs: 389, 396) in LANE1","(534, 84)"
2026-02-14T18:09:21.602488,ACCIDENT,1,LANE4,9,SMALL,N/A,"Collision detected between vehicles (IDs: 9, 31) in LANE4","(198, 374)"
2026-02-14T18:09:35.201787,ACCIDENT,2,LANE2,51,SMALL,N/A,"Collision detected between vehicles (IDs: 51, 55) in LANE2","(640, 519)"
2026-02-14T18:09:41.885839,RED_LIGHT_VIOLATION,1,LANE2,121,SMALL,N/A,Vehicle 121 ran red light in LANE2,"(484, 420)"
2026-02-14T18:10:18.784238,ACCIDENT,3,LANE3,358,SMALL,N/A,"Collision detected between vehicles (IDs: 358, 359) in LANE3","(1000, 201)"
2026-02-14T18:10:23.134333,RED_LIGHT_VIOLATION,2,LANE2,383,SMALL,N/A,Vehicle 383 ran red light in LANE2,"(538, 420)"
2026-02-14T18:12:46.943310,RED_LIGHT_VIOLATION,1,LANE1,63,SMALL,N/A,Vehicle 63 ran red light in LANE1,"(680, 180)"
2026-02-14T18:12:47.279723,RED_LIGHT_VIOLATION,2,LANE2,78,SMALL,N/A,Vehicle 78 ran red light in LANE2,"(493, 442)"
2026-02-14T18:12:46.830440,ACCIDENT,1,LANE4,70,SMALL,N/A,"Collision detected between vehicles (IDs: 70, 72) in LANE4","(377, 387)"
2026-02-14T18:13:01.107216,ACCIDENT,2,LANE4,209,MEDIUM,N/A,"Collision detected between vehicles (IDs: 209, 210) in LANE4","(255, 296)"
2026-02-14T18:13:05.218064,ACCIDENT,3,LANE4,244,SMALL,N/A,"Collision detected between vehicles (IDs: 244, 245) in LANE4","(384, 386)"
2026-02-14T18:13:41.456985,ACCIDENT,4,LANE4,484,SMALL,N/A,"Collision detected between vehicles (IDs: 484, 485) in LANE4","(422, 386)"
2026-02-14T18:13:52.031811,ACCIDENT,5,LANE1,526,SMALL,N/A,"Collision detected between vehicles (IDs: 526, 529) in LANE1","(656, 87)"
2026-02-14T18:14:03.073135,ACCIDENT,6,LANE2,585,SMALL,N/A,"Collision detected between vehicles (IDs: 585, 586) in LANE2","(479, 692)"
2026-02-14T18:14:19.008803,ACCIDENT,7,LANE4,643,SMALL,N/A,"Collision detected between vehicles (IDs: 643, 645) in LANE4","(375, 385)"
2026-02-14T18:14:45.216600,ACCIDENT,8,LANE1,739,SMALL,N/A,"Collision detected between vehicles (IDs: 739, 740) in LANE1","(637, 30)"
2026-02-14T18:15:02.593004,ACCIDENT,9,LANE4,786,SMALL,N/A,"Collision detected between vehicles (IDs: 786, 804) in LANE4","(327, 380)"
2026-02-14T18:15:06.164503,RED_LIGHT_VIOLATION,3,LANE1,817,SMALL,N/A,Vehicle 817 ran red light in LANE1,"(683, 190)"
2026-02-14T18:15:12.427063,RED_LIGHT_VIOLATION,4,LANE1,844,SMALL,N/A,Vehicle 844 ran red light in LANE1,"(690, 186)"
2026-02-14T18:16:28.212090,ACCIDENT,10,LANE1,1136,LARGE,N/A,"Collision detected between vehicles (IDs: 1136, 1164) in LANE1","(589, 86)"
2026-02-14T18:16:35.010257,RED_LIGHT_VIOLATION,5,LANE4,1191,SMALL,N/A,Vehicle 1191 ran red light in LANE4,"(480, 207)"
